﻿Entity,Code,Year,Indicator
China,CHN,2020,0%
China,CHN,2030,0%
China,CHN,2040,1%
China,CHN,2050,1%
Fiji,FJI,2020,0%
Fiji,FJI,2030,0%
Fiji,FJI,2040,0%
Fiji,FJI,2050,0%
Malaysia,MYS,2020,1%
Malaysia,MYS,2030,4%
Malaysia,MYS,2040,6%
Malaysia,MYS,2050,6%
Marshall Islands,MHL,2020,58%
Marshall Islands,MHL,2030,35%
Marshall Islands,MHL,2040,22%
Marshall Islands,MHL,2050,16%
Thailand,THA,2020,3%
Thailand,THA,2030,5%
Thailand,THA,2040,6%
Thailand,THA,2050,7%
Albania,ALB,2020,1%
Albania,ALB,2030,1%
Albania,ALB,2040,1%
Albania,ALB,2050,1%
Azerbaijan,AZE,2020,0%
Azerbaijan,AZE,2030,0%
Azerbaijan,AZE,2040,0%
Azerbaijan,AZE,2050,0%
Belarus,BLR,2020,2%
Belarus,BLR,2030,4%
Belarus,BLR,2040,4%
Belarus,BLR,2050,4%
Bosnia and Herzegovina,BIH,2020,0%
Bosnia and Herzegovina,BIH,2030,0%
Bosnia and Herzegovina,BIH,2040,0%
Bosnia and Herzegovina,BIH,2050,0%
Bulgaria,BGR,2020,1%
Bulgaria,BGR,2030,1%
Bulgaria,BGR,2040,1%
Bulgaria,BGR,2050,1%
Georgia,GEO,2020,0%
Georgia,GEO,2030,0%
Georgia,GEO,2040,0%
Georgia,GEO,2050,0%
Kazakhstan,KAZ,2020,0%
Kazakhstan,KAZ,2030,0%
Kazakhstan,KAZ,2040,0%
Kazakhstan,KAZ,2050,0%
Montenegro,MNE,2020,1%
Montenegro,MNE,2030,1%
Montenegro,MNE,2040,1%
Montenegro,MNE,2050,1%
North Macedonia,MKD,2020,2%
North Macedonia,MKD,2030,3%
North Macedonia,MKD,2040,3%
North Macedonia,MKD,2050,3%
Russian Federation,RUS,2020,0%
Russian Federation,RUS,2030,1%
Russian Federation,RUS,2040,1%
Russian Federation,RUS,2050,1%
Serbia,SRB,2020,0%
Serbia,SRB,2030,0%
Serbia,SRB,2040,0%
Serbia,SRB,2050,0%
Turkey,TUR,2020,0%
Turkey,TUR,2030,1%
Turkey,TUR,2040,1%
Turkey,TUR,2050,1%
Argentina,ARG,2020,2%
Argentina,ARG,2030,3%
Argentina,ARG,2040,3%
Argentina,ARG,2050,3%
Brazil,BRA,2020,1%
Brazil,BRA,2030,1%
Brazil,BRA,2040,1%
Brazil,BRA,2050,1%
Colombia,COL,2020,1%
Colombia,COL,2030,1%
Colombia,COL,2040,1%
Colombia,COL,2050,1%
Costa Rica,CRI,2020,0%
Costa Rica,CRI,2030,1%
Costa Rica,CRI,2040,1%
Costa Rica,CRI,2050,1%
Cuba,CUB,2020,1%
Cuba,CUB,2030,1%
Cuba,CUB,2040,1%
Cuba,CUB,2050,1%
Dominica,DMA,2020,0%
Dominica,DMA,2030,0%
Dominica,DMA,2040,0%
Dominica,DMA,2050,0%
Dominican Republic,DOM,2020,1%
Dominican Republic,DOM,2030,0%
Dominican Republic,DOM,2040,0%
Dominican Republic,DOM,2050,0%
Ecuador,ECU,2020,0%
Ecuador,ECU,2030,1%
Ecuador,ECU,2040,1%
Ecuador,ECU,2050,1%
Mexico,MEX,2020,3%
Mexico,MEX,2030,4%
Mexico,MEX,2040,4%
Mexico,MEX,2050,4%
Panama,PAN,2020,0%
Panama,PAN,2030,0%
Panama,PAN,2040,0%
Panama,PAN,2050,0%
Paraguay,PRY,2020,0%
Paraguay,PRY,2030,0%
Paraguay,PRY,2040,0%
Paraguay,PRY,2050,0%
Peru,PER,2020,1%
Peru,PER,2030,1%
Peru,PER,2040,1%
Peru,PER,2050,1%
"Venezuela, RB",VEN,2020,0%
"Venezuela, RB",VEN,2030,0%
"Venezuela, RB",VEN,2040,0%
"Venezuela, RB",VEN,2050,0%
Algeria,DZA,2020,1%
Algeria,DZA,2030,0%
Algeria,DZA,2040,0%
Algeria,DZA,2050,0%
"Iran, Islamic Rep.",IRN,2020,0%
"Iran, Islamic Rep.",IRN,2030,0%
"Iran, Islamic Rep.",IRN,2040,0%
"Iran, Islamic Rep.",IRN,2050,0%
Jordan,JOR,2020,0%
Jordan,JOR,2030,0%
Jordan,JOR,2040,0%
Jordan,JOR,2050,0%
Lebanon,LBN,2020,0%
Lebanon,LBN,2030,0%
Lebanon,LBN,2040,0%
Lebanon,LBN,2050,0%
Angola,AGO,2020,0%
Angola,AGO,2030,0%
Angola,AGO,2040,0%
Angola,AGO,2050,0%
Botswana,BWA,2020,18%
Botswana,BWA,2030,32%
Botswana,BWA,2040,36%
Botswana,BWA,2050,40%
Gabon,GAB,2020,0%
Gabon,GAB,2030,0%
Gabon,GAB,2040,0%
Gabon,GAB,2050,0%
Mauritius,MUS,2020,0%
Mauritius,MUS,2030,0%
Mauritius,MUS,2040,0%
Mauritius,MUS,2050,0%
Namibia,NAM,2020,0%
Namibia,NAM,2030,0%
Namibia,NAM,2040,0%
Namibia,NAM,2050,0%
South Africa,ZAF,2020,5%
South Africa,ZAF,2030,6%
South Africa,ZAF,2040,6%
South Africa,ZAF,2050,7%
Romania,ROU,2020,1%
Romania,ROU,2030,2%
Romania,ROU,2040,2%
Romania,ROU,2050,2%
