﻿Entity,Code,Year,Indicator
Albania,ALB,2020,1%
Albania,ALB,2030,1%
Albania,ALB,2040,1%
Albania,ALB,2050,1%
Armenia,ARM,2020,0%
Armenia,ARM,2030,0%
Armenia,ARM,2040,0%
Armenia,ARM,2050,0%
Austria,AUT,2020,1%
Austria,AUT,2030,1%
Austria,AUT,2040,1%
Austria,AUT,2050,1%
Azerbaijan,AZE,2020,0%
Azerbaijan,AZE,2030,0%
Azerbaijan,AZE,2040,0%
Azerbaijan,AZE,2050,0%
Belarus,BLR,2020,2%
Belarus,BLR,2030,4%
Belarus,BLR,2040,4%
Belarus,BLR,2050,4%
Belgium,BEL,2020,7%
Belgium,BEL,2030,8%
Belgium,BEL,2040,9%
Belgium,BEL,2050,9%
Bosnia and Herzegovina,BIH,2020,0%
Bosnia and Herzegovina,BIH,2030,0%
Bosnia and Herzegovina,BIH,2040,0%
Bosnia and Herzegovina,BIH,2050,0%
Bulgaria,BGR,2020,1%
Bulgaria,BGR,2030,1%
Bulgaria,BGR,2040,1%
Bulgaria,BGR,2050,1%
Croatia,HRV,2020,2%
Croatia,HRV,2030,2%
Croatia,HRV,2040,2%
Croatia,HRV,2050,2%
Cyprus,CYP,2020,0%
Cyprus,CYP,2030,0%
Cyprus,CYP,2040,0%
Cyprus,CYP,2050,0%
Czech Republic,CZE,2020,4%
Czech Republic,CZE,2030,6%
Czech Republic,CZE,2040,6%
Czech Republic,CZE,2050,6%
Denmark,DNK,2020,3%
Denmark,DNK,2030,3%
Denmark,DNK,2040,3%
Denmark,DNK,2050,3%
Estonia,EST,2020,1%
Estonia,EST,2030,1%
Estonia,EST,2040,1%
Estonia,EST,2050,1%
Finland,FIN,2020,1%
Finland,FIN,2030,1%
Finland,FIN,2040,1%
Finland,FIN,2050,1%
France,FRA,2020,3%
France,FRA,2030,2%
France,FRA,2040,2%
France,FRA,2050,2%
Georgia,GEO,2020,0%
Georgia,GEO,2030,0%
Georgia,GEO,2040,0%
Georgia,GEO,2050,0%
Germany,DEU,2020,4%
Germany,DEU,2030,4%
Germany,DEU,2040,3%
Germany,DEU,2050,3%
Greece,GRC,2020,3%
Greece,GRC,2030,2%
Greece,GRC,2040,2%
Greece,GRC,2050,2%
Hungary,HUN,2020,15%
Hungary,HUN,2030,22%
Hungary,HUN,2040,22%
Hungary,HUN,2050,22%
Iceland,ISL,2020,0%
Iceland,ISL,2030,0%
Iceland,ISL,2040,0%
Iceland,ISL,2050,0%
Ireland,IRL,2020,6%
Ireland,IRL,2030,5%
Ireland,IRL,2040,5%
Ireland,IRL,2050,5%
Italy,ITA,2020,1%
Italy,ITA,2030,2%
Italy,ITA,2040,2%
Italy,ITA,2050,2%
Kazakhstan,KAZ,2020,0%
Kazakhstan,KAZ,2030,0%
Kazakhstan,KAZ,2040,0%
Kazakhstan,KAZ,2050,0%
Latvia,LVA,2020,0%
Latvia,LVA,2030,0%
Latvia,LVA,2040,0%
Latvia,LVA,2050,0%
Lithuania,LTU,2020,1%
Lithuania,LTU,2030,1%
Lithuania,LTU,2040,1%
Lithuania,LTU,2050,1%
Luxembourg,LUX,2020,6%
Luxembourg,LUX,2030,7%
Luxembourg,LUX,2040,8%
Luxembourg,LUX,2050,8%
Moldova,MDA,2020,0%
Moldova,MDA,2030,0%
Moldova,MDA,2040,0%
Moldova,MDA,2050,0%
Montenegro,MNE,2020,1%
Montenegro,MNE,2030,1%
Montenegro,MNE,2040,1%
Montenegro,MNE,2050,1%
Netherlands,NLD,2020,6%
Netherlands,NLD,2030,7%
Netherlands,NLD,2040,8%
Netherlands,NLD,2050,9%
North Macedonia,MKD,2020,2%
North Macedonia,MKD,2030,3%
North Macedonia,MKD,2040,3%
North Macedonia,MKD,2050,3%
Norway,NOR,2020,0%
Norway,NOR,2030,0%
Norway,NOR,2040,0%
Norway,NOR,2050,0%
Poland,POL,2020,3%
Poland,POL,2030,5%
Poland,POL,2040,5%
Poland,POL,2050,5%
Portugal,PRT,2020,1%
Portugal,PRT,2030,1%
Portugal,PRT,2040,1%
Portugal,PRT,2050,1%
Russian Federation,RUS,2020,0%
Russian Federation,RUS,2030,1%
Russian Federation,RUS,2040,1%
Russian Federation,RUS,2050,1%
Serbia,SRB,2020,0%
Serbia,SRB,2030,0%
Serbia,SRB,2040,0%
Serbia,SRB,2050,0%
Slovak Republic,SVK,2020,3%
Slovak Republic,SVK,2030,4%
Slovak Republic,SVK,2040,4%
Slovak Republic,SVK,2050,5%
Slovenia,SVN,2020,0%
Slovenia,SVN,2030,0%
Slovenia,SVN,2040,0%
Slovenia,SVN,2050,0%
Spain,ESP,2020,3%
Spain,ESP,2030,2%
Spain,ESP,2040,2%
Spain,ESP,2050,2%
Sweden,SWE,2020,1%
Sweden,SWE,2030,1%
Sweden,SWE,2040,1%
Sweden,SWE,2050,1%
Switzerland,CHE,2020,3%
Switzerland,CHE,2030,4%
Switzerland,CHE,2040,4%
Switzerland,CHE,2050,4%
Turkey,TUR,2020,0%
Turkey,TUR,2030,1%
Turkey,TUR,2040,1%
Turkey,TUR,2050,1%
Ukraine,UKR,2020,0%
Ukraine,UKR,2030,0%
Ukraine,UKR,2040,0%
Ukraine,UKR,2050,0%
United Kingdom,GBR,2020,12%
United Kingdom,GBR,2030,16%
United Kingdom,GBR,2040,16%
United Kingdom,GBR,2050,16%
Kosovo,XKX,2020,52%
Kosovo,XKX,2030,77%
Kosovo,XKX,2040,90%
Kosovo,XKX,2050,103%
Romania,ROU,2020,1%
Romania,ROU,2030,2%
Romania,ROU,2040,2%
Romania,ROU,2050,2%
