﻿Entity,Code,Year,Indicator
Angola,AGO,2020,0%
Angola,AGO,2030,0%
Angola,AGO,2040,0%
Angola,AGO,2050,0%
Botswana,BWA,2020,18%
Botswana,BWA,2030,32%
Botswana,BWA,2040,36%
Botswana,BWA,2050,40%
Burkina Faso,BFA,2020,0%
Burkina Faso,BFA,2030,0%
Burkina Faso,BFA,2040,0%
Burkina Faso,BFA,2050,0%
Cameroon,CMR,2020,0%
Cameroon,CMR,2030,0%
Cameroon,CMR,2040,0%
Cameroon,CMR,2050,0%
Cote d'Ivoire,CIV,2020,0%
Cote d'Ivoire,CIV,2030,0%
Cote d'Ivoire,CIV,2040,0%
Cote d'Ivoire,CIV,2050,0%
Eswatini,SWZ,2020,0%
Eswatini,SWZ,2030,0%
Eswatini,SWZ,2040,0%
Eswatini,SWZ,2050,0%
Ethiopia,ETH,2020,0%
Ethiopia,ETH,2030,0%
Ethiopia,ETH,2040,0%
Ethiopia,ETH,2050,0%
Gabon,GAB,2020,0%
Gabon,GAB,2030,0%
Gabon,GAB,2040,0%
Gabon,GAB,2050,0%
Ghana,GHA,2020,0%
Ghana,GHA,2030,1%
Ghana,GHA,2040,1%
Ghana,GHA,2050,0%
Kenya,KEN,2020,0%
Kenya,KEN,2030,1%
Kenya,KEN,2040,1%
Kenya,KEN,2050,1%
Lesotho,LSO,2020,1%
Lesotho,LSO,2030,2%
Lesotho,LSO,2040,2%
Lesotho,LSO,2050,2%
Liberia,LBR,2020,0%
Liberia,LBR,2030,0%
Liberia,LBR,2040,0%
Liberia,LBR,2050,0%
Madagascar,MDG,2020,0%
Madagascar,MDG,2030,0%
Madagascar,MDG,2040,0%
Madagascar,MDG,2050,0%
Malawi,MWI,2020,0%
Malawi,MWI,2030,0%
Malawi,MWI,2040,0%
Malawi,MWI,2050,0%
Mali,MLI,2020,0%
Mali,MLI,2030,0%
Mali,MLI,2040,0%
Mali,MLI,2050,0%
Mauritius,MUS,2020,0%
Mauritius,MUS,2030,0%
Mauritius,MUS,2040,0%
Mauritius,MUS,2050,0%
Mozambique,MOZ,2020,0%
Mozambique,MOZ,2030,0%
Mozambique,MOZ,2040,0%
Mozambique,MOZ,2050,0%
Namibia,NAM,2020,0%
Namibia,NAM,2030,0%
Namibia,NAM,2040,0%
Namibia,NAM,2050,0%
Niger,NER,2020,0%
Niger,NER,2030,0%
Niger,NER,2040,0%
Niger,NER,2050,0%
Nigeria,NGA,2020,1%
Nigeria,NGA,2030,1%
Nigeria,NGA,2040,1%
Nigeria,NGA,2050,1%
Rwanda,RWA,2020,0%
Rwanda,RWA,2030,0%
Rwanda,RWA,2040,0%
Rwanda,RWA,2050,0%
Senegal,SEN,2020,0%
Senegal,SEN,2030,0%
Senegal,SEN,2040,0%
Senegal,SEN,2050,0%
Seychelles,SYC,2020,6%
Seychelles,SYC,2030,4%
Seychelles,SYC,2040,4%
Seychelles,SYC,2050,4%
South Africa,ZAF,2020,5%
South Africa,ZAF,2030,6%
South Africa,ZAF,2040,6%
South Africa,ZAF,2050,7%
Tanzania,TZA,2020,0%
Tanzania,TZA,2030,1%
Tanzania,TZA,2040,1%
Tanzania,TZA,2050,0%
Uganda,UGA,2020,0%
Uganda,UGA,2030,0%
Uganda,UGA,2040,0%
Uganda,UGA,2050,0%
Zambia,ZMB,2020,0%
Zambia,ZMB,2030,0%
Zambia,ZMB,2040,0%
Zambia,ZMB,2050,0%
Zimbabwe,ZWE,2020,0%
Zimbabwe,ZWE,2030,0%
Zimbabwe,ZWE,2040,0%
Zimbabwe,ZWE,2050,0%
"Congo, Dem. Rep.",COD,2020,0%
"Congo, Dem. Rep.",COD,2030,0%
"Congo, Dem. Rep.",COD,2040,0%
"Congo, Dem. Rep.",COD,2050,0%
