﻿Entity,Code,Year,Indicator
"Korea, Dem. People’s Rep.",PRK,2020,0%
"Korea, Dem. People’s Rep.",PRK,2030,0%
"Korea, Dem. People’s Rep.",PRK,2040,0%
"Korea, Dem. People’s Rep.",PRK,2050,0%
Nepal,NPL,2020,0%
Nepal,NPL,2030,0%
Nepal,NPL,2040,0%
Nepal,NPL,2050,0%
Burkina Faso,BFA,2020,0%
Burkina Faso,BFA,2030,0%
Burkina Faso,BFA,2040,0%
Burkina Faso,BFA,2050,0%
Ethiopia,ETH,2020,0%
Ethiopia,ETH,2030,0%
Ethiopia,ETH,2040,0%
Ethiopia,ETH,2050,0%
Liberia,LBR,2020,0%
Liberia,LBR,2030,0%
Liberia,LBR,2040,0%
Liberia,LBR,2050,0%
Madagascar,MDG,2020,0%
Madagascar,MDG,2030,0%
Madagascar,MDG,2040,0%
Madagascar,MDG,2050,0%
Malawi,MWI,2020,0%
Malawi,MWI,2030,0%
Malawi,MWI,2040,0%
Malawi,MWI,2050,0%
Mali,MLI,2020,0%
Mali,MLI,2030,0%
Mali,MLI,2040,0%
Mali,MLI,2050,0%
Mozambique,MOZ,2020,0%
Mozambique,MOZ,2030,0%
Mozambique,MOZ,2040,0%
Mozambique,MOZ,2050,0%
Niger,NER,2020,0%
Niger,NER,2030,0%
Niger,NER,2040,0%
Niger,NER,2050,0%
Rwanda,RWA,2020,0%
Rwanda,RWA,2030,0%
Rwanda,RWA,2040,0%
Rwanda,RWA,2050,0%
Senegal,SEN,2020,0%
Senegal,SEN,2030,0%
Senegal,SEN,2040,0%
Senegal,SEN,2050,0%
Tanzania,TZA,2020,0%
Tanzania,TZA,2030,1%
Tanzania,TZA,2040,1%
Tanzania,TZA,2050,0%
Uganda,UGA,2020,0%
Uganda,UGA,2030,0%
Uganda,UGA,2040,0%
Uganda,UGA,2050,0%
Zimbabwe,ZWE,2020,0%
Zimbabwe,ZWE,2030,0%
Zimbabwe,ZWE,2040,0%
Zimbabwe,ZWE,2050,0%
"Congo, Dem. Rep.",COD,2020,0%
"Congo, Dem. Rep.",COD,2030,0%
"Congo, Dem. Rep.",COD,2040,0%
"Congo, Dem. Rep.",COD,2050,0%
