﻿Entity,Code,Year,Indicator
Argentina,ARG,2020,2%
Argentina,ARG,2030,3%
Argentina,ARG,2040,3%
Argentina,ARG,2050,3%
"Bahamas, The",BHS,2020,0%
"Bahamas, The",BHS,2030,0%
"Bahamas, The",BHS,2040,0%
"Bahamas, The",BHS,2050,0%
Barbados,BRB,2020,1%
Barbados,BRB,2030,0%
Barbados,BRB,2040,0%
Barbados,BRB,2050,0%
Bolivia,BOL,2020,0%
Bolivia,BOL,2030,0%
Bolivia,BOL,2040,0%
Bolivia,BOL,2050,0%
Brazil,BRA,2020,1%
Brazil,BRA,2030,1%
Brazil,BRA,2040,1%
Brazil,BRA,2050,1%
British Virgin Islands,VGB,2020,6%
British Virgin Islands,VGB,2030,6%
British Virgin Islands,VGB,2040,6%
British Virgin Islands,VGB,2050,6%
Cayman Islands,CYM,2020,6%
Cayman Islands,CYM,2030,9%
Cayman Islands,CYM,2040,10%
Cayman Islands,CYM,2050,10%
Chile,CHL,2020,1%
Chile,CHL,2030,2%
Chile,CHL,2040,2%
Chile,CHL,2050,2%
Colombia,COL,2020,1%
Colombia,COL,2030,1%
Colombia,COL,2040,1%
Colombia,COL,2050,1%
Costa Rica,CRI,2020,0%
Costa Rica,CRI,2030,1%
Costa Rica,CRI,2040,1%
Costa Rica,CRI,2050,1%
Cuba,CUB,2020,1%
Cuba,CUB,2030,1%
Cuba,CUB,2040,1%
Cuba,CUB,2050,1%
Curacao,CUW,2020,0%
Curacao,CUW,2030,0%
Curacao,CUW,2040,0%
Curacao,CUW,2050,0%
Dominica,DMA,2020,0%
Dominica,DMA,2030,0%
Dominica,DMA,2040,0%
Dominica,DMA,2050,0%
Dominican Republic,DOM,2020,1%
Dominican Republic,DOM,2030,0%
Dominican Republic,DOM,2040,0%
Dominican Republic,DOM,2050,0%
Ecuador,ECU,2020,0%
Ecuador,ECU,2030,1%
Ecuador,ECU,2040,1%
Ecuador,ECU,2050,1%
El Salvador,SLV,2020,1%
El Salvador,SLV,2030,1%
El Salvador,SLV,2040,1%
El Salvador,SLV,2050,1%
Guatemala,GTM,2020,1%
Guatemala,GTM,2030,1%
Guatemala,GTM,2040,1%
Guatemala,GTM,2050,1%
Honduras,HND,2020,0%
Honduras,HND,2030,1%
Honduras,HND,2040,0%
Honduras,HND,2050,0%
Mexico,MEX,2020,3%
Mexico,MEX,2030,4%
Mexico,MEX,2040,4%
Mexico,MEX,2050,4%
Nicaragua,NIC,2020,0%
Nicaragua,NIC,2030,0%
Nicaragua,NIC,2040,0%
Nicaragua,NIC,2050,0%
Panama,PAN,2020,0%
Panama,PAN,2030,0%
Panama,PAN,2040,0%
Panama,PAN,2050,0%
Paraguay,PRY,2020,0%
Paraguay,PRY,2030,0%
Paraguay,PRY,2040,0%
Paraguay,PRY,2050,0%
Peru,PER,2020,1%
Peru,PER,2030,1%
Peru,PER,2040,1%
Peru,PER,2050,1%
Puerto Rico,PRI,2020,26%
Puerto Rico,PRI,2030,14%
Puerto Rico,PRI,2040,5%
Puerto Rico,PRI,2050,3%
Trinidad and Tobago,TTO,2020,0%
Trinidad and Tobago,TTO,2030,0%
Trinidad and Tobago,TTO,2040,0%
Trinidad and Tobago,TTO,2050,0%
Uruguay,URY,2020,0%
Uruguay,URY,2030,1%
Uruguay,URY,2040,1%
Uruguay,URY,2050,1%
"Venezuela, RB",VEN,2020,0%
"Venezuela, RB",VEN,2030,0%
"Venezuela, RB",VEN,2040,0%
"Venezuela, RB",VEN,2050,0%
Virgin Islands (U.S.),VIR,2020,0%
Virgin Islands (U.S.),VIR,2030,0%
Virgin Islands (U.S.),VIR,2040,0%
Virgin Islands (U.S.),VIR,2050,0%
