﻿Entity,Code,Year,Indicator
Australia,AUS,2020,1%
Australia,AUS,2030,3%
Australia,AUS,2040,3%
Australia,AUS,2050,3%
Brunei Darussalam,BRN,2020,0%
Brunei Darussalam,BRN,2030,0%
Brunei Darussalam,BRN,2040,0%
Brunei Darussalam,BRN,2050,0%
Cambodia,KHM,2020,0%
Cambodia,KHM,2030,0%
Cambodia,KHM,2040,0%
Cambodia,KHM,2050,0%
China,CHN,2020,0%
China,CHN,2030,0%
China,CHN,2040,1%
China,CHN,2050,1%
Fiji,FJI,2020,0%
Fiji,FJI,2030,0%
Fiji,FJI,2040,0%
Fiji,FJI,2050,0%
"Hong Kong SAR, China",HKG,2020,340%
"Hong Kong SAR, China",HKG,2030,417%
"Hong Kong SAR, China",HKG,2040,448%
"Hong Kong SAR, China",HKG,2050,477%
Indonesia,IDN,2020,1%
Indonesia,IDN,2030,1%
Indonesia,IDN,2040,1%
Indonesia,IDN,2050,1%
Japan,JPN,2020,2%
Japan,JPN,2030,6%
Japan,JPN,2040,8%
Japan,JPN,2050,10%
"Korea, Dem. People’s Rep.",PRK,2020,0%
"Korea, Dem. People’s Rep.",PRK,2030,0%
"Korea, Dem. People’s Rep.",PRK,2040,0%
"Korea, Dem. People’s Rep.",PRK,2050,0%
"Korea, Rep.",KOR,2020,1%
"Korea, Rep.",KOR,2030,1%
"Korea, Rep.",KOR,2040,0%
"Korea, Rep.",KOR,2050,0%
Lao PDR,LAO,2020,0%
Lao PDR,LAO,2030,0%
Lao PDR,LAO,2040,0%
Lao PDR,LAO,2050,0%
Malaysia,MYS,2020,1%
Malaysia,MYS,2030,4%
Malaysia,MYS,2040,6%
Malaysia,MYS,2050,6%
Marshall Islands,MHL,2020,58%
Marshall Islands,MHL,2030,35%
Marshall Islands,MHL,2040,22%
Marshall Islands,MHL,2050,16%
"Micronesia, Fed. Sts.",FSM,2020,0%
"Micronesia, Fed. Sts.",FSM,2030,0%
"Micronesia, Fed. Sts.",FSM,2040,0%
"Micronesia, Fed. Sts.",FSM,2050,0%
Myanmar,MMR,2020,0%
Myanmar,MMR,2030,0%
Myanmar,MMR,2040,0%
Myanmar,MMR,2050,0%
New Zealand,NZL,2020,0%
New Zealand,NZL,2030,1%
New Zealand,NZL,2040,1%
New Zealand,NZL,2050,1%
Papua New Guinea,PNG,2020,0%
Papua New Guinea,PNG,2030,0%
Papua New Guinea,PNG,2040,0%
Papua New Guinea,PNG,2050,0%
Philippines,PHL,2020,1%
Philippines,PHL,2030,1%
Philippines,PHL,2040,1%
Philippines,PHL,2050,1%
Singapore,SGP,2020,24%
Singapore,SGP,2030,42%
Singapore,SGP,2040,57%
Singapore,SGP,2050,61%
"Taiwan, China",TWN,2020,0%
"Taiwan, China",TWN,2030,0%
"Taiwan, China",TWN,2040,1%
"Taiwan, China",TWN,2050,1%
Thailand,THA,2020,3%
Thailand,THA,2030,5%
Thailand,THA,2040,6%
Thailand,THA,2050,7%
Vietnam,VNM,2020,1%
Vietnam,VNM,2030,1%
Vietnam,VNM,2040,0%
Vietnam,VNM,2050,0%
