﻿Entity,Code,Year,Indicator
Algeria,DZA,2020,1%
Algeria,DZA,2030,0%
Algeria,DZA,2040,0%
Algeria,DZA,2050,0%
Bahrain,BHR,2020,1%
Bahrain,BHR,2030,0%
Bahrain,BHR,2040,0%
Bahrain,BHR,2050,0%
"Egypt, Arab Rep.",EGY,2020,1%
"Egypt, Arab Rep.",EGY,2030,1%
"Egypt, Arab Rep.",EGY,2040,1%
"Egypt, Arab Rep.",EGY,2050,1%
"Iran, Islamic Rep.",IRN,2020,0%
"Iran, Islamic Rep.",IRN,2030,0%
"Iran, Islamic Rep.",IRN,2040,0%
"Iran, Islamic Rep.",IRN,2050,0%
Israel,ISR,2020,4%
Israel,ISR,2030,2%
Israel,ISR,2040,2%
Israel,ISR,2050,2%
Jordan,JOR,2020,0%
Jordan,JOR,2030,0%
Jordan,JOR,2040,0%
Jordan,JOR,2050,0%
Kuwait,KWT,2020,0%
Kuwait,KWT,2030,0%
Kuwait,KWT,2040,0%
Kuwait,KWT,2050,0%
Lebanon,LBN,2020,0%
Lebanon,LBN,2030,0%
Lebanon,LBN,2040,0%
Lebanon,LBN,2050,0%
Malta,MLT,2020,4%
Malta,MLT,2030,9%
Malta,MLT,2040,9%
Malta,MLT,2050,9%
Morocco,MAR,2020,0%
Morocco,MAR,2030,1%
Morocco,MAR,2040,0%
Morocco,MAR,2050,0%
Oman,OMN,2020,0%
Oman,OMN,2030,0%
Oman,OMN,2040,0%
Oman,OMN,2050,0%
Qatar,QAT,2020,2%
Qatar,QAT,2030,0%
Qatar,QAT,2040,0%
Qatar,QAT,2050,0%
Saudi Arabia,SAU,2020,0%
Saudi Arabia,SAU,2030,0%
Saudi Arabia,SAU,2040,0%
Saudi Arabia,SAU,2050,0%
Tunisia,TUN,2020,0%
Tunisia,TUN,2030,0%
Tunisia,TUN,2040,0%
Tunisia,TUN,2050,0%
United Arab Emirates,ARE,2020,2%
United Arab Emirates,ARE,2030,1%
United Arab Emirates,ARE,2040,0%
United Arab Emirates,ARE,2050,0%
"Yemen, Rep.",YEM,2020,0%
"Yemen, Rep.",YEM,2030,0%
"Yemen, Rep.",YEM,2040,0%
"Yemen, Rep.",YEM,2050,0%
