﻿Entity,Code,Year,Indicator
Cambodia,KHM,2020,0%
Cambodia,KHM,2030,0%
Cambodia,KHM,2040,0%
Cambodia,KHM,2050,0%
Indonesia,IDN,2020,1%
Indonesia,IDN,2030,1%
Indonesia,IDN,2040,1%
Indonesia,IDN,2050,1%
Lao PDR,LAO,2020,0%
Lao PDR,LAO,2030,0%
Lao PDR,LAO,2040,0%
Lao PDR,LAO,2050,0%
"Micronesia, Fed. Sts.",FSM,2020,0%
"Micronesia, Fed. Sts.",FSM,2030,0%
"Micronesia, Fed. Sts.",FSM,2040,0%
"Micronesia, Fed. Sts.",FSM,2050,0%
Myanmar,MMR,2020,0%
Myanmar,MMR,2030,0%
Myanmar,MMR,2040,0%
Myanmar,MMR,2050,0%
Papua New Guinea,PNG,2020,0%
Papua New Guinea,PNG,2030,0%
Papua New Guinea,PNG,2040,0%
Papua New Guinea,PNG,2050,0%
Philippines,PHL,2020,1%
Philippines,PHL,2030,1%
Philippines,PHL,2040,1%
Philippines,PHL,2050,1%
Vietnam,VNM,2020,1%
Vietnam,VNM,2030,1%
Vietnam,VNM,2040,0%
Vietnam,VNM,2050,0%
Armenia,ARM,2020,0%
Armenia,ARM,2030,0%
Armenia,ARM,2040,0%
Armenia,ARM,2050,0%
Moldova,MDA,2020,0%
Moldova,MDA,2030,0%
Moldova,MDA,2040,0%
Moldova,MDA,2050,0%
Ukraine,UKR,2020,0%
Ukraine,UKR,2030,0%
Ukraine,UKR,2040,0%
Ukraine,UKR,2050,0%
Bolivia,BOL,2020,0%
Bolivia,BOL,2030,0%
Bolivia,BOL,2040,0%
Bolivia,BOL,2050,0%
El Salvador,SLV,2020,1%
El Salvador,SLV,2030,1%
El Salvador,SLV,2040,1%
El Salvador,SLV,2050,1%
Guatemala,GTM,2020,1%
Guatemala,GTM,2030,1%
Guatemala,GTM,2040,1%
Guatemala,GTM,2050,1%
Honduras,HND,2020,0%
Honduras,HND,2030,1%
Honduras,HND,2040,0%
Honduras,HND,2050,0%
Nicaragua,NIC,2020,0%
Nicaragua,NIC,2030,0%
Nicaragua,NIC,2040,0%
Nicaragua,NIC,2050,0%
"Egypt, Arab Rep.",EGY,2020,1%
"Egypt, Arab Rep.",EGY,2030,1%
"Egypt, Arab Rep.",EGY,2040,1%
"Egypt, Arab Rep.",EGY,2050,1%
Morocco,MAR,2020,0%
Morocco,MAR,2030,1%
Morocco,MAR,2040,0%
Morocco,MAR,2050,0%
Tunisia,TUN,2020,0%
Tunisia,TUN,2030,0%
Tunisia,TUN,2040,0%
Tunisia,TUN,2050,0%
"Yemen, Rep.",YEM,2020,0%
"Yemen, Rep.",YEM,2030,0%
"Yemen, Rep.",YEM,2040,0%
"Yemen, Rep.",YEM,2050,0%
Bangladesh,BGD,2020,0%
Bangladesh,BGD,2030,0%
Bangladesh,BGD,2040,0%
Bangladesh,BGD,2050,0%
India,IND,2020,1%
India,IND,2030,2%
India,IND,2040,2%
India,IND,2050,2%
Pakistan,PAK,2020,0%
Pakistan,PAK,2030,0%
Pakistan,PAK,2040,0%
Pakistan,PAK,2050,0%
Sri Lanka,LKA,2020,1%
Sri Lanka,LKA,2030,1%
Sri Lanka,LKA,2040,0%
Sri Lanka,LKA,2050,0%
Cameroon,CMR,2020,0%
Cameroon,CMR,2030,0%
Cameroon,CMR,2040,0%
Cameroon,CMR,2050,0%
Cote d'Ivoire,CIV,2020,0%
Cote d'Ivoire,CIV,2030,0%
Cote d'Ivoire,CIV,2040,0%
Cote d'Ivoire,CIV,2050,0%
Eswatini,SWZ,2020,0%
Eswatini,SWZ,2030,0%
Eswatini,SWZ,2040,0%
Eswatini,SWZ,2050,0%
Ghana,GHA,2020,0%
Ghana,GHA,2030,1%
Ghana,GHA,2040,1%
Ghana,GHA,2050,0%
Kenya,KEN,2020,0%
Kenya,KEN,2030,1%
Kenya,KEN,2040,1%
Kenya,KEN,2050,1%
Lesotho,LSO,2020,1%
Lesotho,LSO,2030,2%
Lesotho,LSO,2040,2%
Lesotho,LSO,2050,2%
Nigeria,NGA,2020,1%
Nigeria,NGA,2030,1%
Nigeria,NGA,2040,1%
Nigeria,NGA,2050,1%
Zambia,ZMB,2020,0%
Zambia,ZMB,2030,0%
Zambia,ZMB,2040,0%
Zambia,ZMB,2050,0%
Kosovo,XKX,2020,52%
Kosovo,XKX,2030,77%
Kosovo,XKX,2040,90%
Kosovo,XKX,2050,103%
