﻿Entity,Code,Year,Indicator
Australia,AUS,2020,1%
Australia,AUS,2030,3%
Australia,AUS,2040,3%
Australia,AUS,2050,3%
Brunei Darussalam,BRN,2020,0%
Brunei Darussalam,BRN,2030,0%
Brunei Darussalam,BRN,2040,0%
Brunei Darussalam,BRN,2050,0%
"Hong Kong SAR, China",HKG,2020,340%
"Hong Kong SAR, China",HKG,2030,417%
"Hong Kong SAR, China",HKG,2040,448%
"Hong Kong SAR, China",HKG,2050,477%
Japan,JPN,2020,2%
Japan,JPN,2030,6%
Japan,JPN,2040,8%
Japan,JPN,2050,10%
"Korea, Rep.",KOR,2020,1%
"Korea, Rep.",KOR,2030,1%
"Korea, Rep.",KOR,2040,0%
"Korea, Rep.",KOR,2050,0%
New Zealand,NZL,2020,0%
New Zealand,NZL,2030,1%
New Zealand,NZL,2040,1%
New Zealand,NZL,2050,1%
Singapore,SGP,2020,24%
Singapore,SGP,2030,42%
Singapore,SGP,2040,57%
Singapore,SGP,2050,61%
"Taiwan, China",TWN,2020,0%
"Taiwan, China",TWN,2030,0%
"Taiwan, China",TWN,2040,1%
"Taiwan, China",TWN,2050,1%
Austria,AUT,2020,1%
Austria,AUT,2030,1%
Austria,AUT,2040,1%
Austria,AUT,2050,1%
Belgium,BEL,2020,7%
Belgium,BEL,2030,8%
Belgium,BEL,2040,9%
Belgium,BEL,2050,9%
Croatia,HRV,2020,2%
Croatia,HRV,2030,2%
Croatia,HRV,2040,2%
Croatia,HRV,2050,2%
Cyprus,CYP,2020,0%
Cyprus,CYP,2030,0%
Cyprus,CYP,2040,0%
Cyprus,CYP,2050,0%
Czech Republic,CZE,2020,4%
Czech Republic,CZE,2030,6%
Czech Republic,CZE,2040,6%
Czech Republic,CZE,2050,6%
Denmark,DNK,2020,3%
Denmark,DNK,2030,3%
Denmark,DNK,2040,3%
Denmark,DNK,2050,3%
Estonia,EST,2020,1%
Estonia,EST,2030,1%
Estonia,EST,2040,1%
Estonia,EST,2050,1%
Finland,FIN,2020,1%
Finland,FIN,2030,1%
Finland,FIN,2040,1%
Finland,FIN,2050,1%
France,FRA,2020,3%
France,FRA,2030,2%
France,FRA,2040,2%
France,FRA,2050,2%
Germany,DEU,2020,4%
Germany,DEU,2030,4%
Germany,DEU,2040,3%
Germany,DEU,2050,3%
Greece,GRC,2020,3%
Greece,GRC,2030,2%
Greece,GRC,2040,2%
Greece,GRC,2050,2%
Hungary,HUN,2020,15%
Hungary,HUN,2030,22%
Hungary,HUN,2040,22%
Hungary,HUN,2050,22%
Iceland,ISL,2020,0%
Iceland,ISL,2030,0%
Iceland,ISL,2040,0%
Iceland,ISL,2050,0%
Ireland,IRL,2020,6%
Ireland,IRL,2030,5%
Ireland,IRL,2040,5%
Ireland,IRL,2050,5%
Italy,ITA,2020,1%
Italy,ITA,2030,2%
Italy,ITA,2040,2%
Italy,ITA,2050,2%
Latvia,LVA,2020,0%
Latvia,LVA,2030,0%
Latvia,LVA,2040,0%
Latvia,LVA,2050,0%
Lithuania,LTU,2020,1%
Lithuania,LTU,2030,1%
Lithuania,LTU,2040,1%
Lithuania,LTU,2050,1%
Luxembourg,LUX,2020,6%
Luxembourg,LUX,2030,7%
Luxembourg,LUX,2040,8%
Luxembourg,LUX,2050,8%
Netherlands,NLD,2020,6%
Netherlands,NLD,2030,7%
Netherlands,NLD,2040,8%
Netherlands,NLD,2050,9%
Norway,NOR,2020,0%
Norway,NOR,2030,0%
Norway,NOR,2040,0%
Norway,NOR,2050,0%
Poland,POL,2020,3%
Poland,POL,2030,5%
Poland,POL,2040,5%
Poland,POL,2050,5%
Portugal,PRT,2020,1%
Portugal,PRT,2030,1%
Portugal,PRT,2040,1%
Portugal,PRT,2050,1%
Slovak Republic,SVK,2020,3%
Slovak Republic,SVK,2030,4%
Slovak Republic,SVK,2040,4%
Slovak Republic,SVK,2050,5%
Slovenia,SVN,2020,0%
Slovenia,SVN,2030,0%
Slovenia,SVN,2040,0%
Slovenia,SVN,2050,0%
Spain,ESP,2020,3%
Spain,ESP,2030,2%
Spain,ESP,2040,2%
Spain,ESP,2050,2%
Sweden,SWE,2020,1%
Sweden,SWE,2030,1%
Sweden,SWE,2040,1%
Sweden,SWE,2050,1%
Switzerland,CHE,2020,3%
Switzerland,CHE,2030,4%
Switzerland,CHE,2040,4%
Switzerland,CHE,2050,4%
United Kingdom,GBR,2020,12%
United Kingdom,GBR,2030,16%
United Kingdom,GBR,2040,16%
United Kingdom,GBR,2050,16%
"Bahamas, The",BHS,2020,0%
"Bahamas, The",BHS,2030,0%
"Bahamas, The",BHS,2040,0%
"Bahamas, The",BHS,2050,0%
Barbados,BRB,2020,1%
Barbados,BRB,2030,0%
Barbados,BRB,2040,0%
Barbados,BRB,2050,0%
British Virgin Islands,VGB,2020,6%
British Virgin Islands,VGB,2030,6%
British Virgin Islands,VGB,2040,6%
British Virgin Islands,VGB,2050,6%
Cayman Islands,CYM,2020,6%
Cayman Islands,CYM,2030,9%
Cayman Islands,CYM,2040,10%
Cayman Islands,CYM,2050,10%
Chile,CHL,2020,1%
Chile,CHL,2030,2%
Chile,CHL,2040,2%
Chile,CHL,2050,2%
Curacao,CUW,2020,0%
Curacao,CUW,2030,0%
Curacao,CUW,2040,0%
Curacao,CUW,2050,0%
Puerto Rico,PRI,2020,26%
Puerto Rico,PRI,2030,14%
Puerto Rico,PRI,2040,5%
Puerto Rico,PRI,2050,3%
Trinidad and Tobago,TTO,2020,0%
Trinidad and Tobago,TTO,2030,0%
Trinidad and Tobago,TTO,2040,0%
Trinidad and Tobago,TTO,2050,0%
Uruguay,URY,2020,0%
Uruguay,URY,2030,1%
Uruguay,URY,2040,1%
Uruguay,URY,2050,1%
Virgin Islands (U.S.),VIR,2020,0%
Virgin Islands (U.S.),VIR,2030,0%
Virgin Islands (U.S.),VIR,2040,0%
Virgin Islands (U.S.),VIR,2050,0%
Bahrain,BHR,2020,1%
Bahrain,BHR,2030,0%
Bahrain,BHR,2040,0%
Bahrain,BHR,2050,0%
Israel,ISR,2020,4%
Israel,ISR,2030,2%
Israel,ISR,2040,2%
Israel,ISR,2050,2%
Kuwait,KWT,2020,0%
Kuwait,KWT,2030,0%
Kuwait,KWT,2040,0%
Kuwait,KWT,2050,0%
Malta,MLT,2020,4%
Malta,MLT,2030,9%
Malta,MLT,2040,9%
Malta,MLT,2050,9%
Oman,OMN,2020,0%
Oman,OMN,2030,0%
Oman,OMN,2040,0%
Oman,OMN,2050,0%
Qatar,QAT,2020,2%
Qatar,QAT,2030,0%
Qatar,QAT,2040,0%
Qatar,QAT,2050,0%
Saudi Arabia,SAU,2020,0%
Saudi Arabia,SAU,2030,0%
Saudi Arabia,SAU,2040,0%
Saudi Arabia,SAU,2050,0%
United Arab Emirates,ARE,2020,2%
United Arab Emirates,ARE,2030,1%
United Arab Emirates,ARE,2040,0%
United Arab Emirates,ARE,2050,0%
Canada,CAN,2020,0%
Canada,CAN,2030,1%
Canada,CAN,2040,1%
Canada,CAN,2050,1%
United States,USA,2020,6%
United States,USA,2030,6%
United States,USA,2040,6%
United States,USA,2050,6%
Seychelles,SYC,2020,6%
Seychelles,SYC,2030,4%
Seychelles,SYC,2040,4%
Seychelles,SYC,2050,4%
