﻿Entity,Code,Year,Indicator
Albania,ALB,2020,1%
Albania,ALB,2030,1%
Albania,ALB,2040,2%
Albania,ALB,2050,2%
Algeria,DZA,2020,8%
Algeria,DZA,2030,15%
Algeria,DZA,2040,20%
Algeria,DZA,2050,26%
Angola,AGO,2020,0%
Angola,AGO,2030,0%
Angola,AGO,2040,0%
Angola,AGO,2050,0%
Argentina,ARG,2020,2%
Argentina,ARG,2030,3%
Argentina,ARG,2040,4%
Argentina,ARG,2050,4%
Armenia,ARM,2020,0%
Armenia,ARM,2030,0%
Armenia,ARM,2040,0%
Armenia,ARM,2050,0%
Australia,AUS,2020,2%
Australia,AUS,2030,4%
Australia,AUS,2040,4%
Australia,AUS,2050,4%
Austria,AUT,2020,1%
Austria,AUT,2030,1%
Austria,AUT,2040,1%
Austria,AUT,2050,1%
Azerbaijan,AZE,2020,0%
Azerbaijan,AZE,2030,0%
Azerbaijan,AZE,2040,0%
Azerbaijan,AZE,2050,0%
"Bahamas, The",BHS,2020,31%
"Bahamas, The",BHS,2030,31%
"Bahamas, The",BHS,2040,31%
"Bahamas, The",BHS,2050,31%
Bahrain,BHR,2020,34%
Bahrain,BHR,2030,66%
Bahrain,BHR,2040,74%
Bahrain,BHR,2050,81%
Bangladesh,BGD,2020,0%
Bangladesh,BGD,2030,1%
Bangladesh,BGD,2040,2%
Bangladesh,BGD,2050,4%
Barbados,BRB,2020,4%
Barbados,BRB,2030,8%
Barbados,BRB,2040,8%
Barbados,BRB,2050,8%
Belarus,BLR,2020,2%
Belarus,BLR,2030,4%
Belarus,BLR,2040,4%
Belarus,BLR,2050,4%
Belgium,BEL,2020,8%
Belgium,BEL,2030,9%
Belgium,BEL,2040,10%
Belgium,BEL,2050,10%
Bolivia,BOL,2020,0%
Bolivia,BOL,2030,0%
Bolivia,BOL,2040,0%
Bolivia,BOL,2050,0%
Bosnia and Herzegovina,BIH,2020,0%
Bosnia and Herzegovina,BIH,2030,0%
Bosnia and Herzegovina,BIH,2040,0%
Bosnia and Herzegovina,BIH,2050,0%
Botswana,BWA,2020,20%
Botswana,BWA,2030,55%
Botswana,BWA,2040,94%
Botswana,BWA,2050,158%
Brazil,BRA,2020,1%
Brazil,BRA,2030,1%
Brazil,BRA,2040,2%
Brazil,BRA,2050,2%
British Virgin Islands,VGB,2020,6%
British Virgin Islands,VGB,2030,6%
British Virgin Islands,VGB,2040,6%
British Virgin Islands,VGB,2050,6%
Brunei Darussalam,BRN,2020,20%
Brunei Darussalam,BRN,2030,39%
Brunei Darussalam,BRN,2040,39%
Brunei Darussalam,BRN,2050,39%
Bulgaria,BGR,2020,1%
Bulgaria,BGR,2030,1%
Bulgaria,BGR,2040,1%
Bulgaria,BGR,2050,2%
Burkina Faso,BFA,2020,0%
Burkina Faso,BFA,2030,1%
Burkina Faso,BFA,2040,2%
Burkina Faso,BFA,2050,5%
Cambodia,KHM,2020,0%
Cambodia,KHM,2030,0%
Cambodia,KHM,2040,0%
Cambodia,KHM,2050,0%
Cameroon,CMR,2020,0%
Cameroon,CMR,2030,1%
Cameroon,CMR,2040,1%
Cameroon,CMR,2050,2%
Canada,CAN,2020,0%
Canada,CAN,2030,1%
Canada,CAN,2040,1%
Canada,CAN,2050,1%
Cayman Islands,CYM,2020,6%
Cayman Islands,CYM,2030,9%
Cayman Islands,CYM,2040,10%
Cayman Islands,CYM,2050,10%
Chile,CHL,2020,1%
Chile,CHL,2030,3%
Chile,CHL,2040,3%
Chile,CHL,2050,3%
China,CHN,2020,0%
China,CHN,2030,1%
China,CHN,2040,3%
China,CHN,2050,8%
Colombia,COL,2020,1%
Colombia,COL,2030,2%
Colombia,COL,2040,3%
Colombia,COL,2050,4%
"Congo, Dem. Rep.",COD,2020,0%
"Congo, Dem. Rep.",COD,2030,1%
"Congo, Dem. Rep.",COD,2040,1%
"Congo, Dem. Rep.",COD,2050,2%
Costa Rica,CRI,2020,0%
Costa Rica,CRI,2030,1%
Costa Rica,CRI,2040,2%
Costa Rica,CRI,2050,3%
Cote d'Ivoire,CIV,2020,1%
Cote d'Ivoire,CIV,2030,1%
Cote d'Ivoire,CIV,2040,3%
Cote d'Ivoire,CIV,2050,6%
Croatia,HRV,2020,2%
Croatia,HRV,2030,2%
Croatia,HRV,2040,2%
Croatia,HRV,2050,2%
Cuba,CUB,2020,3%
Cuba,CUB,2030,9%
Cuba,CUB,2040,11%
Cuba,CUB,2050,14%
Curacao,CUW,2020,0%
Curacao,CUW,2030,0%
Curacao,CUW,2040,0%
Curacao,CUW,2050,0%
Cyprus,CYP,2020,0%
Cyprus,CYP,2030,1%
Cyprus,CYP,2040,1%
Cyprus,CYP,2050,1%
Czech Republic,CZE,2020,5%
Czech Republic,CZE,2030,7%
Czech Republic,CZE,2040,7%
Czech Republic,CZE,2050,7%
Denmark,DNK,2020,3%
Denmark,DNK,2030,3%
Denmark,DNK,2040,3%
Denmark,DNK,2050,3%
Dominica,DMA,2020,0%
Dominica,DMA,2030,0%
Dominica,DMA,2040,0%
Dominica,DMA,2050,0%
Dominican Republic,DOM,2020,1%
Dominican Republic,DOM,2030,4%
Dominican Republic,DOM,2040,6%
Dominican Republic,DOM,2050,11%
Ecuador,ECU,2020,1%
Ecuador,ECU,2030,1%
Ecuador,ECU,2040,2%
Ecuador,ECU,2050,2%
"Egypt, Arab Rep.",EGY,2020,2%
"Egypt, Arab Rep.",EGY,2030,5%
"Egypt, Arab Rep.",EGY,2040,7%
"Egypt, Arab Rep.",EGY,2050,10%
El Salvador,SLV,2020,1%
El Salvador,SLV,2030,1%
El Salvador,SLV,2040,2%
El Salvador,SLV,2050,2%
Estonia,EST,2020,1%
Estonia,EST,2030,1%
Estonia,EST,2040,1%
Estonia,EST,2050,1%
Eswatini,SWZ,2020,0%
Eswatini,SWZ,2030,0%
Eswatini,SWZ,2040,0%
Eswatini,SWZ,2050,0%
Ethiopia,ETH,2020,0%
Ethiopia,ETH,2030,0%
Ethiopia,ETH,2040,0%
Ethiopia,ETH,2050,0%
Fiji,FJI,2020,0%
Fiji,FJI,2030,0%
Fiji,FJI,2040,0%
Fiji,FJI,2050,0%
Finland,FIN,2020,1%
Finland,FIN,2030,1%
Finland,FIN,2040,1%
Finland,FIN,2050,1%
France,FRA,2020,3%
France,FRA,2030,4%
France,FRA,2040,5%
France,FRA,2050,5%
Gabon,GAB,2020,0%
Gabon,GAB,2030,0%
Gabon,GAB,2040,0%
Gabon,GAB,2050,0%
Georgia,GEO,2020,0%
Georgia,GEO,2030,0%
Georgia,GEO,2040,0%
Georgia,GEO,2050,0%
Germany,DEU,2020,4%
Germany,DEU,2030,6%
Germany,DEU,2040,6%
Germany,DEU,2050,6%
Ghana,GHA,2020,1%
Ghana,GHA,2030,3%
Ghana,GHA,2040,5%
Ghana,GHA,2050,9%
Greece,GRC,2020,4%
Greece,GRC,2030,5%
Greece,GRC,2040,5%
Greece,GRC,2050,5%
Guatemala,GTM,2020,1%
Guatemala,GTM,2030,2%
Guatemala,GTM,2040,3%
Guatemala,GTM,2050,4%
Honduras,HND,2020,0%
Honduras,HND,2030,1%
Honduras,HND,2040,2%
Honduras,HND,2050,2%
"Hong Kong SAR, China",HKG,2020,340%
"Hong Kong SAR, China",HKG,2030,417%
"Hong Kong SAR, China",HKG,2040,448%
"Hong Kong SAR, China",HKG,2050,477%
Hungary,HUN,2020,15%
Hungary,HUN,2030,22%
Hungary,HUN,2040,22%
Hungary,HUN,2050,22%
Iceland,ISL,2020,0%
Iceland,ISL,2030,0%
Iceland,ISL,2040,0%
Iceland,ISL,2050,0%
India,IND,2020,1%
India,IND,2030,4%
India,IND,2040,9%
India,IND,2050,18%
Indonesia,IDN,2020,2%
Indonesia,IDN,2030,3%
Indonesia,IDN,2040,6%
Indonesia,IDN,2050,10%
"Iran, Islamic Rep.",IRN,2020,0%
"Iran, Islamic Rep.",IRN,2030,0%
"Iran, Islamic Rep.",IRN,2040,0%
"Iran, Islamic Rep.",IRN,2050,0%
Ireland,IRL,2020,9%
Ireland,IRL,2030,12%
Ireland,IRL,2040,12%
Ireland,IRL,2050,13%
Israel,ISR,2020,10%
Israel,ISR,2030,12%
Israel,ISR,2040,14%
Israel,ISR,2050,15%
Italy,ITA,2020,1%
Italy,ITA,2030,2%
Italy,ITA,2040,2%
Italy,ITA,2050,2%
Japan,JPN,2020,2%
Japan,JPN,2030,9%
Japan,JPN,2040,12%
Japan,JPN,2050,14%
Jordan,JOR,2020,0%
Jordan,JOR,2030,0%
Jordan,JOR,2040,0%
Jordan,JOR,2050,0%
Kazakhstan,KAZ,2020,0%
Kazakhstan,KAZ,2030,0%
Kazakhstan,KAZ,2040,1%
Kazakhstan,KAZ,2050,1%
Kenya,KEN,2020,1%
Kenya,KEN,2030,2%
Kenya,KEN,2040,3%
Kenya,KEN,2050,4%
"Korea, Dem. People’s Rep.",PRK,2020,0%
"Korea, Dem. People’s Rep.",PRK,2030,0%
"Korea, Dem. People’s Rep.",PRK,2040,0%
"Korea, Dem. People’s Rep.",PRK,2050,0%
"Korea, Rep.",KOR,2020,2%
"Korea, Rep.",KOR,2030,3%
"Korea, Rep.",KOR,2040,4%
"Korea, Rep.",KOR,2050,4%
Kosovo,XKX,2020,58%
Kosovo,XKX,2030,121%
Kosovo,XKX,2040,202%
Kosovo,XKX,2050,330%
Kuwait,KWT,2020,10%
Kuwait,KWT,2030,13%
Kuwait,KWT,2040,17%
Kuwait,KWT,2050,21%
Lao PDR,LAO,2020,0%
Lao PDR,LAO,2030,0%
Lao PDR,LAO,2040,1%
Lao PDR,LAO,2050,2%
Latvia,LVA,2020,0%
Latvia,LVA,2030,0%
Latvia,LVA,2040,0%
Latvia,LVA,2050,0%
Lebanon,LBN,2020,1%
Lebanon,LBN,2030,1%
Lebanon,LBN,2040,1%
Lebanon,LBN,2050,1%
Lesotho,LSO,2020,1%
Lesotho,LSO,2030,3%
Lesotho,LSO,2040,4%
Lesotho,LSO,2050,6%
Liberia,LBR,2020,0%
Liberia,LBR,2030,0%
Liberia,LBR,2040,0%
Liberia,LBR,2050,0%
Lithuania,LTU,2020,1%
Lithuania,LTU,2030,1%
Lithuania,LTU,2040,1%
Lithuania,LTU,2050,1%
Luxembourg,LUX,2020,6%
Luxembourg,LUX,2030,7%
Luxembourg,LUX,2040,8%
Luxembourg,LUX,2050,8%
Madagascar,MDG,2020,0%
Madagascar,MDG,2030,0%
Madagascar,MDG,2040,0%
Madagascar,MDG,2050,0%
Malawi,MWI,2020,0%
Malawi,MWI,2030,0%
Malawi,MWI,2040,0%
Malawi,MWI,2050,0%
Malaysia,MYS,2020,2%
Malaysia,MYS,2030,9%
Malaysia,MYS,2040,19%
Malaysia,MYS,2050,36%
Mali,MLI,2020,0%
Mali,MLI,2030,0%
Mali,MLI,2040,0%
Mali,MLI,2050,0%
Malta,MLT,2020,4%
Malta,MLT,2030,9%
Malta,MLT,2040,9%
Malta,MLT,2050,9%
Marshall Islands,MHL,2020,585%
Marshall Islands,MHL,2030,928%
Marshall Islands,MHL,2040,1051%
Marshall Islands,MHL,2050,1191%
Mauritius,MUS,2020,0%
Mauritius,MUS,2030,0%
Mauritius,MUS,2040,0%
Mauritius,MUS,2050,0%
Mexico,MEX,2020,5%
Mexico,MEX,2030,14%
Mexico,MEX,2040,18%
Mexico,MEX,2050,24%
"Micronesia, Fed. Sts.",FSM,2020,0%
"Micronesia, Fed. Sts.",FSM,2030,0%
"Micronesia, Fed. Sts.",FSM,2040,0%
"Micronesia, Fed. Sts.",FSM,2050,0%
Moldova,MDA,2020,0%
Moldova,MDA,2030,0%
Moldova,MDA,2040,1%
Moldova,MDA,2050,2%
Montenegro,MNE,2020,1%
Montenegro,MNE,2030,2%
Montenegro,MNE,2040,3%
Montenegro,MNE,2050,4%
Morocco,MAR,2020,2%
Morocco,MAR,2030,4%
Morocco,MAR,2040,5%
Morocco,MAR,2050,8%
Mozambique,MOZ,2020,0%
Mozambique,MOZ,2030,1%
Mozambique,MOZ,2040,1%
Mozambique,MOZ,2050,2%
Myanmar,MMR,2020,0%
Myanmar,MMR,2030,0%
Myanmar,MMR,2040,0%
Myanmar,MMR,2050,1%
Namibia,NAM,2020,0%
Namibia,NAM,2030,0%
Namibia,NAM,2040,0%
Namibia,NAM,2050,0%
Nepal,NPL,2020,0%
Nepal,NPL,2030,0%
Nepal,NPL,2040,0%
Nepal,NPL,2050,1%
Netherlands,NLD,2020,15%
Netherlands,NLD,2030,18%
Netherlands,NLD,2040,20%
Netherlands,NLD,2050,21%
New Zealand,NZL,2020,0%
New Zealand,NZL,2030,1%
New Zealand,NZL,2040,1%
New Zealand,NZL,2050,1%
Nicaragua,NIC,2020,0%
Nicaragua,NIC,2030,1%
Nicaragua,NIC,2040,1%
Nicaragua,NIC,2050,2%
Niger,NER,2020,1%
Niger,NER,2030,1%
Niger,NER,2040,2%
Niger,NER,2050,3%
Nigeria,NGA,2020,1%
Nigeria,NGA,2030,1%
Nigeria,NGA,2040,2%
Nigeria,NGA,2050,3%
North Macedonia,MKD,2020,3%
North Macedonia,MKD,2030,4%
North Macedonia,MKD,2040,5%
North Macedonia,MKD,2050,6%
Norway,NOR,2020,0%
Norway,NOR,2030,0%
Norway,NOR,2040,0%
Norway,NOR,2050,0%
Oman,OMN,2020,26%
Oman,OMN,2030,34%
Oman,OMN,2040,39%
Oman,OMN,2050,44%
Pakistan,PAK,2020,0%
Pakistan,PAK,2030,0%
Pakistan,PAK,2040,1%
Pakistan,PAK,2050,1%
Panama,PAN,2020,0%
Panama,PAN,2030,0%
Panama,PAN,2040,0%
Panama,PAN,2050,0%
Papua New Guinea,PNG,2020,0%
Papua New Guinea,PNG,2030,0%
Papua New Guinea,PNG,2040,0%
Papua New Guinea,PNG,2050,0%
Paraguay,PRY,2020,0%
Paraguay,PRY,2030,0%
Paraguay,PRY,2040,0%
Paraguay,PRY,2050,0%
Peru,PER,2020,1%
Peru,PER,2030,3%
Peru,PER,2040,4%
Peru,PER,2050,6%
Philippines,PHL,2020,1%
Philippines,PHL,2030,4%
Philippines,PHL,2040,10%
Philippines,PHL,2050,24%
Poland,POL,2020,4%
Poland,POL,2030,6%
Poland,POL,2040,6%
Poland,POL,2050,6%
Portugal,PRT,2020,1%
Portugal,PRT,2030,1%
Portugal,PRT,2040,2%
Portugal,PRT,2050,2%
Puerto Rico,PRI,2020,60%
Puerto Rico,PRI,2030,94%
Puerto Rico,PRI,2040,101%
Puerto Rico,PRI,2050,109%
Qatar,QAT,2020,15%
Qatar,QAT,2030,16%
Qatar,QAT,2040,16%
Qatar,QAT,2050,16%
Romania,ROU,2020,1%
Romania,ROU,2030,2%
Romania,ROU,2040,2%
Romania,ROU,2050,2%
Russian Federation,RUS,2020,0%
Russian Federation,RUS,2030,1%
Russian Federation,RUS,2040,1%
Russian Federation,RUS,2050,1%
Rwanda,RWA,2020,0%
Rwanda,RWA,2030,0%
Rwanda,RWA,2040,0%
Rwanda,RWA,2050,0%
Saudi Arabia,SAU,2020,172%
Saudi Arabia,SAU,2030,345%
Saudi Arabia,SAU,2040,362%
Saudi Arabia,SAU,2050,378%
Senegal,SEN,2020,1%
Senegal,SEN,2030,2%
Senegal,SEN,2040,5%
Senegal,SEN,2050,9%
Serbia,SRB,2020,0%
Serbia,SRB,2030,0%
Serbia,SRB,2040,1%
Serbia,SRB,2050,1%
Seychelles,SYC,2020,16%
Seychelles,SYC,2030,32%
Seychelles,SYC,2040,32%
Seychelles,SYC,2050,32%
Singapore,SGP,2020,24%
Singapore,SGP,2030,42%
Singapore,SGP,2040,57%
Singapore,SGP,2050,61%
Slovak Republic,SVK,2020,3%
Slovak Republic,SVK,2030,4%
Slovak Republic,SVK,2040,4%
Slovak Republic,SVK,2050,5%
Slovenia,SVN,2020,0%
Slovenia,SVN,2030,0%
Slovenia,SVN,2040,0%
Slovenia,SVN,2050,0%
South Africa,ZAF,2020,6%
South Africa,ZAF,2030,16%
South Africa,ZAF,2040,19%
South Africa,ZAF,2050,23%
Spain,ESP,2020,3%
Spain,ESP,2030,5%
Spain,ESP,2040,5%
Spain,ESP,2050,5%
Sri Lanka,LKA,2020,1%
Sri Lanka,LKA,2030,2%
Sri Lanka,LKA,2040,3%
Sri Lanka,LKA,2050,6%
Sweden,SWE,2020,1%
Sweden,SWE,2030,2%
Sweden,SWE,2040,2%
Sweden,SWE,2050,2%
Switzerland,CHE,2020,3%
Switzerland,CHE,2030,4%
Switzerland,CHE,2040,4%
Switzerland,CHE,2050,4%
"Taiwan, China",TWN,2020,1%
"Taiwan, China",TWN,2030,2%
"Taiwan, China",TWN,2040,2%
"Taiwan, China",TWN,2050,3%
Tanzania,TZA,2020,1%
Tanzania,TZA,2030,3%
Tanzania,TZA,2040,5%
Tanzania,TZA,2050,9%
Thailand,THA,2020,3%
Thailand,THA,2030,7%
Thailand,THA,2040,13%
Thailand,THA,2050,19%
Trinidad and Tobago,TTO,2020,41%
Trinidad and Tobago,TTO,2030,41%
Trinidad and Tobago,TTO,2040,41%
Trinidad and Tobago,TTO,2050,41%
Tunisia,TUN,2020,0%
Tunisia,TUN,2030,1%
Tunisia,TUN,2040,1%
Tunisia,TUN,2050,1%
Turkey,TUR,2020,1%
Turkey,TUR,2030,2%
Turkey,TUR,2040,4%
Turkey,TUR,2050,7%
Uganda,UGA,2020,0%
Uganda,UGA,2030,1%
Uganda,UGA,2040,1%
Uganda,UGA,2050,2%
Ukraine,UKR,2020,1%
Ukraine,UKR,2030,1%
Ukraine,UKR,2040,1%
Ukraine,UKR,2050,1%
United Arab Emirates,ARE,2020,15%
United Arab Emirates,ARE,2030,20%
United Arab Emirates,ARE,2040,24%
United Arab Emirates,ARE,2050,26%
United Kingdom,GBR,2020,12%
United Kingdom,GBR,2030,16%
United Kingdom,GBR,2040,16%
United Kingdom,GBR,2050,16%
United States,USA,2020,7%
United States,USA,2030,11%
United States,USA,2040,12%
United States,USA,2050,12%
Uruguay,URY,2020,0%
Uruguay,URY,2030,1%
Uruguay,URY,2040,1%
Uruguay,URY,2050,1%
"Venezuela, RB",VEN,2020,0%
"Venezuela, RB",VEN,2030,1%
"Venezuela, RB",VEN,2040,1%
"Venezuela, RB",VEN,2050,1%
Vietnam,VNM,2020,0%
Vietnam,VNM,2030,0%
Vietnam,VNM,2040,1%
Vietnam,VNM,2050,3%
Virgin Islands (U.S.),VIR,2020,4%
Virgin Islands (U.S.),VIR,2030,8%
Virgin Islands (U.S.),VIR,2040,8%
Virgin Islands (U.S.),VIR,2050,8%
"Yemen, Rep.",YEM,2020,0%
"Yemen, Rep.",YEM,2030,0%
"Yemen, Rep.",YEM,2040,0%
"Yemen, Rep.",YEM,2050,0%
Zambia,ZMB,2020,0%
Zambia,ZMB,2030,0%
Zambia,ZMB,2040,0%
Zambia,ZMB,2050,0%
Zimbabwe,ZWE,2020,0%
Zimbabwe,ZWE,2030,0%
Zimbabwe,ZWE,2040,0%
Zimbabwe,ZWE,2050,0%
