﻿Entity,Code,Year,Indicator
United States,USA,2020,1.82%
Brazil,BRA,2020,0.12%
Mexico,MEX,2020,0.06%
Canada,CAN,2020,0.11%
Argentina,ARG,2020,0.04%
Chile,CHL,2020,0.00%
Colombia,COL,2020,0.00%
Peru,PER,2020,0.02%
Puerto Rico,PRI,2020,0.00%
"Venezuela, RB",VEN,2020,0.00%
Ecuador,ECU,2020,0.01%
Guatemala,GTM,2020,0.00%
Costa Rica,CRI,2020,0.00%
Uruguay,URY,2020,0.01%
Dominican Republic,DOM,2020,0.05%
Cuba,CUB,2020,0.00%
El Salvador,SLV,2020,0.00%
Honduras,HND,2020,0.00%
Paraguay,PRY,2020,0.00%
Nicaragua,NIC,2020,0.00%
Panama,PAN,2020,0.00%
Barbados,BRB,2020,0.00%
Trinidad and Tobago,TTO,2020,0.00%
Bolivia,BOL,2020,0.00%
Cayman Islands,CYM,2020,0.00%
"Bahamas, The",BHS,2020,0.00%
Virgin Islands (U.S.),VIR,2020,0.00%
British Virgin Islands,VGB,2020,0.00%
Curacao,CUW,2020,0.00%
Dominica,DMA,2020,0.00%
United States,USA,2030,4.99%
Brazil,BRA,2030,0.87%
Mexico,MEX,2030,3.43%
Canada,CAN,2030,0.53%
Argentina,ARG,2030,2.55%
Chile,CHL,2030,1.70%
Colombia,COL,2030,0.77%
Peru,PER,2030,0.96%
Puerto Rico,PRI,2030,13.18%
"Venezuela, RB",VEN,2030,0.27%
Ecuador,ECU,2030,0.64%
Guatemala,GTM,2030,1.10%
Costa Rica,CRI,2030,0.79%
Uruguay,URY,2030,0.47%
Dominican Republic,DOM,2030,0.32%
Cuba,CUB,2030,0.97%
El Salvador,SLV,2030,1.03%
Honduras,HND,2030,0.55%
Paraguay,PRY,2030,0.04%
Nicaragua,NIC,2030,0.45%
Panama,PAN,2030,0.14%
Barbados,BRB,2030,0.37%
Trinidad and Tobago,TTO,2030,0.40%
Bolivia,BOL,2030,0.02%
Cayman Islands,CYM,2030,6.42%
"Bahamas, The",BHS,2030,0.12%
Virgin Islands (U.S.),VIR,2030,0.00%
British Virgin Islands,VGB,2030,6.18%
Curacao,CUW,2030,0.01%
Dominica,DMA,2030,0.01%
United States,USA,2040,5.15%
Brazil,BRA,2040,0.97%
Mexico,MEX,2040,3.52%
Canada,CAN,2040,0.59%
Argentina,ARG,2040,2.91%
Chile,CHL,2040,1.81%
Colombia,COL,2040,0.84%
Peru,PER,2040,1.12%
Puerto Rico,PRI,2040,4.27%
"Venezuela, RB",VEN,2040,0.39%
Ecuador,ECU,2040,0.68%
Guatemala,GTM,2040,0.98%
Costa Rica,CRI,2040,0.79%
Uruguay,URY,2040,0.55%
Dominican Republic,DOM,2040,0.27%
Cuba,CUB,2040,0.97%
El Salvador,SLV,2040,1.03%
Honduras,HND,2040,0.46%
Paraguay,PRY,2040,0.04%
Nicaragua,NIC,2040,0.45%
Panama,PAN,2040,0.15%
Barbados,BRB,2040,0.29%
Trinidad and Tobago,TTO,2040,0.40%
Bolivia,BOL,2040,0.02%
Cayman Islands,CYM,2040,6.82%
"Bahamas, The",BHS,2040,0.12%
Virgin Islands (U.S.),VIR,2040,0.36%
British Virgin Islands,VGB,2040,6.18%
Curacao,CUW,2040,0.01%
Dominica,DMA,2040,0.02%
United States,USA,2050,4.71%
Brazil,BRA,2050,1.00%
Mexico,MEX,2050,3.01%
Canada,CAN,2050,0.59%
Argentina,ARG,2050,2.99%
Chile,CHL,2050,1.82%
Colombia,COL,2050,0.82%
Peru,PER,2050,1.14%
Puerto Rico,PRI,2050,1.99%
"Venezuela, RB",VEN,2050,0.39%
Ecuador,ECU,2050,0.68%
Guatemala,GTM,2050,0.88%
Costa Rica,CRI,2050,0.79%
Uruguay,URY,2050,0.55%
Dominican Republic,DOM,2050,0.23%
Cuba,CUB,2050,0.97%
El Salvador,SLV,2050,1.03%
Honduras,HND,2050,0.38%
Paraguay,PRY,2050,0.04%
Nicaragua,NIC,2050,0.45%
Panama,PAN,2050,0.15%
Barbados,BRB,2050,0.24%
Trinidad and Tobago,TTO,2050,0.40%
Bolivia,BOL,2050,0.02%
Cayman Islands,CYM,2050,6.82%
"Bahamas, The",BHS,2050,0.12%
Virgin Islands (U.S.),VIR,2050,0.36%
British Virgin Islands,VGB,2050,6.18%
Curacao,CUW,2050,0.01%
Dominica,DMA,2050,0.02%
