﻿Entity,Code,Year,Indicator
Albania,ALB,2020,0.00%
Albania,ALB,2030,1.25%
Albania,ALB,2040,1.60%
Albania,ALB,2050,2.04%
Algeria,DZA,2020,2.85%
Algeria,DZA,2030,12.54%
Algeria,DZA,2040,16.19%
Algeria,DZA,2050,26.49%
Angola,AGO,2020,0.01%
Angola,AGO,2030,0.02%
Angola,AGO,2040,0.02%
Angola,AGO,2050,0.23%
Argentina,ARG,2020,0.21%
Argentina,ARG,2030,2.97%
Argentina,ARG,2040,3.18%
Argentina,ARG,2050,3.76%
Armenia,ARM,2020,0.02%
Armenia,ARM,2030,0.03%
Armenia,ARM,2040,0.05%
Armenia,ARM,2050,0.08%
Australia,AUS,2020,0.63%
Australia,AUS,2030,2.41%
Australia,AUS,2040,2.56%
Australia,AUS,2050,4.11%
Austria,AUT,2020,0.04%
Austria,AUT,2030,0.61%
Austria,AUT,2040,0.73%
Austria,AUT,2050,1.30%
Azerbaijan,AZE,2020,0.00%
Azerbaijan,AZE,2030,0.20%
Azerbaijan,AZE,2040,0.23%
Azerbaijan,AZE,2050,0.26%
"Bahamas, The",BHS,2020,30.56%
"Bahamas, The",BHS,2030,30.88%
"Bahamas, The",BHS,2040,30.88%
"Bahamas, The",BHS,2050,30.88%
Bahrain,BHR,2020,0.00%
Bahrain,BHR,2030,45.32%
Bahrain,BHR,2040,45.32%
Bahrain,BHR,2050,80.91%
Bangladesh,BGD,2020,0.10%
Bangladesh,BGD,2030,1.12%
Bangladesh,BGD,2040,2.18%
Bangladesh,BGD,2050,4.24%
Barbados,BRB,2020,0.00%
Barbados,BRB,2030,8.04%
Barbados,BRB,2040,8.04%
Barbados,BRB,2050,8.04%
Belarus,BLR,2020,0.00%
Belarus,BLR,2030,3.51%
Belarus,BLR,2040,3.92%
Belarus,BLR,2050,4.38%
Belgium,BEL,2020,5.87%
Belgium,BEL,2030,7.64%
Belgium,BEL,2040,7.82%
Belgium,BEL,2050,10.11%
Bolivia,BOL,2020,0.08%
Bolivia,BOL,2030,0.15%
Bolivia,BOL,2040,0.23%
Bolivia,BOL,2050,0.36%
Bosnia and Herzegovina,BIH,2020,0.00%
Bosnia and Herzegovina,BIH,2030,0.00%
Bosnia and Herzegovina,BIH,2040,0.00%
Bosnia and Herzegovina,BIH,2050,0.09%
Botswana,BWA,2020,0.00%
Botswana,BWA,2030,32.33%
Botswana,BWA,2040,49.15%
Botswana,BWA,2050,157.77%
Brazil,BRA,2020,0.24%
Brazil,BRA,2030,0.99%
Brazil,BRA,2040,1.10%
Brazil,BRA,2050,1.80%
British Virgin Islands,VGB,2020,5.77%
British Virgin Islands,VGB,2030,6.18%
British Virgin Islands,VGB,2040,6.18%
British Virgin Islands,VGB,2050,6.18%
Brunei Darussalam,BRN,2020,0.00%
Brunei Darussalam,BRN,2030,39.31%
Brunei Darussalam,BRN,2040,39.31%
Brunei Darussalam,BRN,2050,39.31%
Bulgaria,BGR,2020,0.17%
Bulgaria,BGR,2030,0.62%
Bulgaria,BGR,2040,0.80%
Bulgaria,BGR,2050,1.81%
Burkina Faso,BFA,2020,0.00%
Burkina Faso,BFA,2030,0.00%
Burkina Faso,BFA,2040,0.00%
Burkina Faso,BFA,2050,5.47%
Cambodia,KHM,2020,0.01%
Cambodia,KHM,2030,0.01%
Cambodia,KHM,2040,0.03%
Cambodia,KHM,2050,0.06%
Cameroon,CMR,2020,0.01%
Cameroon,CMR,2030,0.67%
Cameroon,CMR,2040,1.06%
Cameroon,CMR,2050,1.96%
Canada,CAN,2020,0.17%
Canada,CAN,2030,0.56%
Canada,CAN,2040,0.57%
Canada,CAN,2050,0.63%
Cayman Islands,CYM,2020,2.61%
Cayman Islands,CYM,2030,6.82%
Cayman Islands,CYM,2040,6.82%
Cayman Islands,CYM,2050,10.25%
Chile,CHL,2020,0.13%
Chile,CHL,2030,2.77%
Chile,CHL,2040,2.79%
Chile,CHL,2050,3.17%
China,CHN,2020,0.12%
China,CHN,2030,0.78%
China,CHN,2040,1.89%
China,CHN,2050,7.60%
Colombia,COL,2020,0.13%
Colombia,COL,2030,1.60%
Colombia,COL,2040,2.38%
Colombia,COL,2050,4.02%
"Congo, Dem. Rep.",COD,2020,0.00%
"Congo, Dem. Rep.",COD,2030,0.41%
"Congo, Dem. Rep.",COD,2040,0.74%
"Congo, Dem. Rep.",COD,2050,1.89%
Costa Rica,CRI,2020,0.06%
Costa Rica,CRI,2030,1.33%
Costa Rica,CRI,2040,1.87%
Costa Rica,CRI,2050,2.72%
Cote d'Ivoire,CIV,2020,0.40%
Cote d'Ivoire,CIV,2030,0.98%
Cote d'Ivoire,CIV,2040,1.88%
Cote d'Ivoire,CIV,2050,5.59%
Croatia,HRV,2020,0.07%
Croatia,HRV,2030,2.26%
Croatia,HRV,2040,2.30%
Croatia,HRV,2050,2.38%
Cuba,CUB,2020,0.00%
Cuba,CUB,2030,7.66%
Cuba,CUB,2040,9.64%
Cuba,CUB,2050,14.45%
Curacao,CUW,2020,0.00%
Curacao,CUW,2030,0.01%
Curacao,CUW,2040,0.01%
Curacao,CUW,2050,0.01%
Cyprus,CYP,2020,0.10%
Cyprus,CYP,2030,0.61%
Cyprus,CYP,2040,0.61%
Cyprus,CYP,2050,0.61%
Czech Republic,CZE,2020,0.63%
Czech Republic,CZE,2030,5.99%
Czech Republic,CZE,2040,6.13%
Czech Republic,CZE,2050,7.28%
Denmark,DNK,2020,2.46%
Denmark,DNK,2030,3.11%
Denmark,DNK,2040,3.19%
Denmark,DNK,2050,3.47%
Dominica,DMA,2020,0.00%
Dominica,DMA,2030,0.02%
Dominica,DMA,2040,0.02%
Dominica,DMA,2050,0.02%
Dominican Republic,DOM,2020,0.18%
Dominican Republic,DOM,2030,2.94%
Dominican Republic,DOM,2040,4.94%
Dominican Republic,DOM,2050,11.25%
Ecuador,ECU,2020,0.10%
Ecuador,ECU,2030,0.98%
Ecuador,ECU,2040,1.28%
Ecuador,ECU,2050,2.05%
"Egypt, Arab Rep.",EGY,2020,0.24%
"Egypt, Arab Rep.",EGY,2030,4.08%
"Egypt, Arab Rep.",EGY,2040,5.99%
"Egypt, Arab Rep.",EGY,2050,10.45%
El Salvador,SLV,2020,0.14%
El Salvador,SLV,2030,1.49%
El Salvador,SLV,2040,1.91%
El Salvador,SLV,2050,2.44%
Estonia,EST,2020,0.17%
Estonia,EST,2030,0.90%
Estonia,EST,2040,0.90%
Estonia,EST,2050,1.00%
Eswatini,SWZ,2020,0.00%
Eswatini,SWZ,2030,0.01%
Eswatini,SWZ,2040,0.01%
Eswatini,SWZ,2050,0.19%
Ethiopia,ETH,2020,0.01%
Ethiopia,ETH,2030,0.08%
Ethiopia,ETH,2040,0.19%
Ethiopia,ETH,2050,0.47%
Fiji,FJI,2020,0.00%
Fiji,FJI,2030,0.00%
Fiji,FJI,2040,0.01%
Fiji,FJI,2050,0.01%
Finland,FIN,2020,0.22%
Finland,FIN,2030,0.51%
Finland,FIN,2040,0.56%
Finland,FIN,2050,1.01%
France,FRA,2020,1.24%
France,FRA,2030,3.05%
France,FRA,2040,3.26%
France,FRA,2050,5.04%
Gabon,GAB,2020,0.00%
Gabon,GAB,2030,0.11%
Gabon,GAB,2040,0.16%
Gabon,GAB,2050,0.23%
Georgia,GEO,2020,0.00%
Georgia,GEO,2030,0.02%
Georgia,GEO,2040,0.05%
Georgia,GEO,2050,0.15%
Germany,DEU,2020,1.21%
Germany,DEU,2030,4.12%
Germany,DEU,2040,4.29%
Germany,DEU,2050,6.15%
Ghana,GHA,2020,0.10%
Ghana,GHA,2030,2.50%
Ghana,GHA,2040,4.75%
Ghana,GHA,2050,9.02%
Greece,GRC,2020,0.28%
Greece,GRC,2030,4.89%
Greece,GRC,2040,4.96%
Greece,GRC,2050,5.34%
Guatemala,GTM,2020,0.00%
Guatemala,GTM,2030,2.11%
Guatemala,GTM,2040,2.99%
Guatemala,GTM,2050,4.24%
Honduras,HND,2020,0.11%
Honduras,HND,2030,1.15%
Honduras,HND,2040,1.64%
Honduras,HND,2050,2.34%
"Hong Kong SAR, China",HKG,2020,46.05%
"Hong Kong SAR, China",HKG,2030,169.21%
"Hong Kong SAR, China",HKG,2040,176.65%
"Hong Kong SAR, China",HKG,2050,476.90%
Hungary,HUN,2020,2.45%
Hungary,HUN,2030,21.28%
Hungary,HUN,2040,21.47%
Hungary,HUN,2050,22.44%
Iceland,ISL,2020,0.05%
Iceland,ISL,2030,0.07%
Iceland,ISL,2040,0.07%
Iceland,ISL,2050,0.07%
India,IND,2020,0.78%
India,IND,2030,3.56%
India,IND,2040,6.99%
India,IND,2050,17.89%
Indonesia,IDN,2020,0.91%
Indonesia,IDN,2030,3.27%
Indonesia,IDN,2040,5.50%
Indonesia,IDN,2050,10.34%
"Iran, Islamic Rep.",IRN,2020,0.01%
"Iran, Islamic Rep.",IRN,2030,0.29%
"Iran, Islamic Rep.",IRN,2040,0.35%
"Iran, Islamic Rep.",IRN,2050,0.43%
Ireland,IRL,2020,4.07%
Ireland,IRL,2030,9.05%
Ireland,IRL,2040,9.09%
Ireland,IRL,2050,12.87%
Israel,ISR,2020,5.93%
Israel,ISR,2030,8.14%
Israel,ISR,2040,9.43%
Israel,ISR,2050,14.93%
Italy,ITA,2020,0.45%
Italy,ITA,2030,1.73%
Italy,ITA,2040,1.84%
Italy,ITA,2050,2.50%
Japan,JPN,2020,0.28%
Japan,JPN,2030,5.46%
Japan,JPN,2040,8.13%
Japan,JPN,2050,14.23%
Jordan,JOR,2020,0.00%
Jordan,JOR,2030,0.11%
Jordan,JOR,2040,0.14%
Jordan,JOR,2050,0.18%
Kazakhstan,KAZ,2020,0.00%
Kazakhstan,KAZ,2030,0.26%
Kazakhstan,KAZ,2040,0.39%
Kazakhstan,KAZ,2050,1.11%
Kenya,KEN,2020,0.22%
Kenya,KEN,2030,1.51%
Kenya,KEN,2040,2.60%
Kenya,KEN,2050,4.46%
"Korea, Dem. People’s Rep.",PRK,2020,0.00%
"Korea, Dem. People’s Rep.",PRK,2030,0.00%
"Korea, Dem. People’s Rep.",PRK,2040,0.00%
"Korea, Dem. People’s Rep.",PRK,2050,0.00%
"Korea, Rep.",KOR,2020,0.44%
"Korea, Rep.",KOR,2030,1.48%
"Korea, Rep.",KOR,2040,3.09%
"Korea, Rep.",KOR,2050,4.22%
Kosovo,XKX,2020,1.75%
Kosovo,XKX,2030,50.95%
Kosovo,XKX,2040,72.40%
Kosovo,XKX,2050,329.73%
Kuwait,KWT,2020,1.67%
Kuwait,KWT,2030,2.72%
Kuwait,KWT,2040,2.72%
Kuwait,KWT,2050,20.99%
Lao PDR,LAO,2020,0.00%
Lao PDR,LAO,2030,0.39%
Lao PDR,LAO,2040,0.77%
Lao PDR,LAO,2050,1.53%
Latvia,LVA,2020,0.06%
Latvia,LVA,2030,0.18%
Latvia,LVA,2040,0.20%
Latvia,LVA,2050,0.20%
Lebanon,LBN,2020,0.00%
Lebanon,LBN,2030,0.72%
Lebanon,LBN,2040,0.75%
Lebanon,LBN,2050,0.79%
Lesotho,LSO,2020,0.00%
Lesotho,LSO,2030,3.25%
Lesotho,LSO,2040,4.33%
Lesotho,LSO,2050,5.78%
Liberia,LBR,2020,0.01%
Liberia,LBR,2030,0.03%
Liberia,LBR,2040,0.03%
Liberia,LBR,2050,0.04%
Lithuania,LTU,2020,0.44%
Lithuania,LTU,2030,1.01%
Lithuania,LTU,2040,1.10%
Lithuania,LTU,2050,1.41%
Luxembourg,LUX,2020,4.30%
Luxembourg,LUX,2030,6.58%
Luxembourg,LUX,2040,6.73%
Luxembourg,LUX,2050,7.86%
Madagascar,MDG,2020,0.00%
Madagascar,MDG,2030,0.08%
Madagascar,MDG,2040,0.12%
Madagascar,MDG,2050,0.16%
Malawi,MWI,2020,0.00%
Malawi,MWI,2030,0.03%
Malawi,MWI,2040,0.04%
Malawi,MWI,2050,0.06%
Malaysia,MYS,2020,0.06%
Malaysia,MYS,2030,6.42%
Malaysia,MYS,2040,11.38%
Malaysia,MYS,2050,36.12%
Mali,MLI,2020,0.00%
Mali,MLI,2030,0.01%
Mali,MLI,2040,0.01%
Mali,MLI,2050,0.02%
Malta,MLT,2020,0.56%
Malta,MLT,2030,8.33%
Malta,MLT,2040,8.33%
Malta,MLT,2050,9.09%
Marshall Islands,MHL,2020,0.05%
Marshall Islands,MHL,2030,928.08%
Marshall Islands,MHL,2040,1051.15%
Marshall Islands,MHL,2050,1190.55%
Mauritius,MUS,2020,0.00%
Mauritius,MUS,2030,0.01%
Mauritius,MUS,2040,0.01%
Mauritius,MUS,2050,0.01%
Mexico,MEX,2020,0.66%
Mexico,MEX,2030,12.25%
Mexico,MEX,2040,15.88%
Mexico,MEX,2050,24.30%
"Micronesia, Fed. Sts.",FSM,2020,0.00%
"Micronesia, Fed. Sts.",FSM,2030,0.00%
"Micronesia, Fed. Sts.",FSM,2040,0.00%
"Micronesia, Fed. Sts.",FSM,2050,0.09%
Moldova,MDA,2020,0.04%
Moldova,MDA,2030,0.06%
Moldova,MDA,2040,0.09%
Moldova,MDA,2050,1.62%
Montenegro,MNE,2020,0.00%
Montenegro,MNE,2030,2.21%
Montenegro,MNE,2040,2.92%
Montenegro,MNE,2050,3.86%
Morocco,MAR,2020,0.28%
Morocco,MAR,2030,3.14%
Morocco,MAR,2040,4.68%
Morocco,MAR,2050,7.79%
Mozambique,MOZ,2020,0.00%
Mozambique,MOZ,2030,0.65%
Mozambique,MOZ,2040,1.11%
Mozambique,MOZ,2050,1.88%
Myanmar,MMR,2020,0.05%
Myanmar,MMR,2030,0.16%
Myanmar,MMR,2040,0.40%
Myanmar,MMR,2050,0.74%
Namibia,NAM,2020,0.00%
Namibia,NAM,2030,0.00%
Namibia,NAM,2040,0.00%
Namibia,NAM,2050,0.01%
Nepal,NPL,2020,0.03%
Nepal,NPL,2030,0.24%
Nepal,NPL,2040,0.38%
Nepal,NPL,2050,0.62%
Netherlands,NLD,2020,7.72%
Netherlands,NLD,2030,10.58%
Netherlands,NLD,2040,10.86%
Netherlands,NLD,2050,21.35%
New Zealand,NZL,2020,0.21%
New Zealand,NZL,2030,0.83%
New Zealand,NZL,2040,0.85%
New Zealand,NZL,2050,0.97%
Nicaragua,NIC,2020,0.01%
Nicaragua,NIC,2030,1.05%
Nicaragua,NIC,2040,1.43%
Nicaragua,NIC,2050,1.94%
Niger,NER,2020,0.55%
Niger,NER,2030,0.97%
Niger,NER,2040,1.72%
Niger,NER,2050,3.04%
Nigeria,NGA,2020,0.14%
Nigeria,NGA,2030,0.91%
Nigeria,NGA,2040,1.24%
Nigeria,NGA,2050,2.92%
North Macedonia,MKD,2020,0.07%
North Macedonia,MKD,2030,3.65%
North Macedonia,MKD,2040,4.67%
North Macedonia,MKD,2050,6.17%
Norway,NOR,2020,0.10%
Norway,NOR,2030,0.20%
Norway,NOR,2040,0.22%
Norway,NOR,2050,0.27%
Oman,OMN,2020,4.17%
Oman,OMN,2030,16.20%
Oman,OMN,2040,16.20%
Oman,OMN,2050,44.09%
Pakistan,PAK,2020,0.15%
Pakistan,PAK,2030,0.40%
Pakistan,PAK,2040,0.60%
Pakistan,PAK,2050,1.25%
Panama,PAN,2020,0.06%
Panama,PAN,2030,0.15%
Panama,PAN,2040,0.15%
Panama,PAN,2050,0.15%
Papua New Guinea,PNG,2020,0.00%
Papua New Guinea,PNG,2030,0.02%
Papua New Guinea,PNG,2040,0.03%
Papua New Guinea,PNG,2050,0.05%
Paraguay,PRY,2020,0.00%
Paraguay,PRY,2030,0.07%
Paraguay,PRY,2040,0.11%
Paraguay,PRY,2050,0.17%
Peru,PER,2020,0.08%
Peru,PER,2030,2.33%
Peru,PER,2040,3.53%
Peru,PER,2050,6.08%
Philippines,PHL,2020,0.39%
Philippines,PHL,2030,1.54%
Philippines,PHL,2040,3.01%
Philippines,PHL,2050,23.83%
Poland,POL,2020,1.14%
Poland,POL,2030,5.14%
Poland,POL,2040,5.26%
Poland,POL,2050,6.16%
Portugal,PRT,2020,0.21%
Portugal,PRT,2030,1.23%
Portugal,PRT,2040,1.29%
Portugal,PRT,2050,1.58%
Puerto Rico,PRI,2020,0.00%
Puerto Rico,PRI,2030,74.82%
Puerto Rico,PRI,2040,74.82%
Puerto Rico,PRI,2050,108.87%
Qatar,QAT,2020,10.41%
Qatar,QAT,2030,15.08%
Qatar,QAT,2040,16.16%
Qatar,QAT,2050,16.16%
Romania,ROU,2020,0.12%
Romania,ROU,2030,1.81%
Romania,ROU,2040,1.85%
Romania,ROU,2050,2.02%
Russian Federation,RUS,2020,0.12%
Russian Federation,RUS,2030,0.68%
Russian Federation,RUS,2040,0.81%
Russian Federation,RUS,2050,1.24%
Rwanda,RWA,2020,0.00%
Rwanda,RWA,2030,0.00%
Rwanda,RWA,2040,0.00%
Rwanda,RWA,2050,0.00%
Saudi Arabia,SAU,2020,46.45%
Saudi Arabia,SAU,2030,291.10%
Saudi Arabia,SAU,2040,291.10%
Saudi Arabia,SAU,2050,378.00%
Senegal,SEN,2020,0.00%
Senegal,SEN,2030,0.85%
Senegal,SEN,2040,1.42%
Senegal,SEN,2050,9.17%
Serbia,SRB,2020,0.05%
Serbia,SRB,2030,0.32%
Serbia,SRB,2040,0.39%
Serbia,SRB,2050,0.72%
Seychelles,SYC,2020,0.00%
Seychelles,SYC,2030,32.01%
Seychelles,SYC,2040,32.01%
Seychelles,SYC,2050,32.01%
Singapore,SGP,2020,3.76%
Singapore,SGP,2030,13.79%
Singapore,SGP,2040,35.13%
Singapore,SGP,2050,61.09%
Slovak Republic,SVK,2020,0.15%
Slovak Republic,SVK,2030,3.98%
Slovak Republic,SVK,2040,4.06%
Slovak Republic,SVK,2050,4.51%
Slovenia,SVN,2020,0.10%
Slovenia,SVN,2030,0.28%
Slovenia,SVN,2040,0.28%
Slovenia,SVN,2050,0.39%
South Africa,ZAF,2020,0.67%
South Africa,ZAF,2030,13.83%
South Africa,ZAF,2040,16.34%
South Africa,ZAF,2050,22.60%
Spain,ESP,2020,0.55%
Spain,ESP,2030,4.30%
Spain,ESP,2040,4.68%
Spain,ESP,2050,5.26%
Sri Lanka,LKA,2020,0.97%
Sri Lanka,LKA,2030,1.85%
Sri Lanka,LKA,2040,2.99%
Sri Lanka,LKA,2050,5.65%
Sweden,SWE,2020,0.58%
Sweden,SWE,2030,0.78%
Sweden,SWE,2040,0.81%
Sweden,SWE,2050,2.04%
Switzerland,CHE,2020,2.09%
Switzerland,CHE,2030,2.84%
Switzerland,CHE,2040,2.93%
Switzerland,CHE,2050,4.48%
"Taiwan, China",TWN,2020,0.13%
"Taiwan, China",TWN,2030,0.77%
"Taiwan, China",TWN,2040,1.29%
"Taiwan, China",TWN,2050,2.71%
Tanzania,TZA,2020,0.00%
Tanzania,TZA,2030,2.62%
Tanzania,TZA,2040,4.82%
Tanzania,TZA,2050,9.39%
Thailand,THA,2020,0.35%
Thailand,THA,2030,4.94%
Thailand,THA,2040,9.22%
Thailand,THA,2050,19.20%
Trinidad and Tobago,TTO,2020,41.17%
Trinidad and Tobago,TTO,2030,41.17%
Trinidad and Tobago,TTO,2040,41.17%
Trinidad and Tobago,TTO,2050,41.17%
Tunisia,TUN,2020,0.32%
Tunisia,TUN,2030,0.62%
Tunisia,TUN,2040,0.73%
Tunisia,TUN,2050,0.87%
Turkey,TUR,2020,0.19%
Turkey,TUR,2030,2.16%
Turkey,TUR,2040,3.71%
Turkey,TUR,2050,7.38%
Uganda,UGA,2020,0.00%
Uganda,UGA,2030,0.66%
Uganda,UGA,2040,1.11%
Uganda,UGA,2050,1.87%
Ukraine,UKR,2020,0.09%
Ukraine,UKR,2030,0.77%
Ukraine,UKR,2040,0.77%
Ukraine,UKR,2050,0.86%
United Arab Emirates,ARE,2020,3.03%
United Arab Emirates,ARE,2030,10.00%
United Arab Emirates,ARE,2040,12.66%
United Arab Emirates,ARE,2050,26.32%
United Kingdom,GBR,2020,6.67%
United Kingdom,GBR,2030,14.26%
United Kingdom,GBR,2040,14.42%
United Kingdom,GBR,2050,16.22%
United States,USA,2020,3.61%
United States,USA,2030,9.33%
United States,USA,2040,9.74%
United States,USA,2050,12.24%
Uruguay,URY,2020,0.01%
Uruguay,URY,2030,0.54%
Uruguay,URY,2040,0.54%
Uruguay,URY,2050,0.64%
"Venezuela, RB",VEN,2020,0.01%
"Venezuela, RB",VEN,2030,0.50%
"Venezuela, RB",VEN,2040,0.59%
"Venezuela, RB",VEN,2050,0.71%
Vietnam,VNM,2020,0.03%
Vietnam,VNM,2030,0.19%
Vietnam,VNM,2040,0.38%
Vietnam,VNM,2050,2.81%
Virgin Islands (U.S.),VIR,2020,0.00%
Virgin Islands (U.S.),VIR,2030,7.91%
Virgin Islands (U.S.),VIR,2040,7.91%
Virgin Islands (U.S.),VIR,2050,7.91%
"Yemen, Rep.",YEM,2020,0.00%
"Yemen, Rep.",YEM,2030,0.05%
"Yemen, Rep.",YEM,2040,0.02%
"Yemen, Rep.",YEM,2050,0.01%
Zambia,ZMB,2020,0.00%
Zambia,ZMB,2030,0.02%
Zambia,ZMB,2040,0.03%
Zambia,ZMB,2050,0.05%
Zimbabwe,ZWE,2020,0.02%
Zimbabwe,ZWE,2030,0.08%
Zimbabwe,ZWE,2040,0.11%
Zimbabwe,ZWE,2050,0.37%
