﻿Entity,Code,Year,Indicator
Albania,ALB,2020,0.00%
Albania,ALB,2030,0.91%
Albania,ALB,2040,0.91%
Albania,ALB,2050,0.91%
Algeria,DZA,2020,0.35%
Algeria,DZA,2030,0.31%
Algeria,DZA,2040,0.31%
Algeria,DZA,2050,0.39%
Angola,AGO,2020,0.01%
Angola,AGO,2030,0.01%
Angola,AGO,2040,0.01%
Angola,AGO,2050,0.13%
Argentina,ARG,2020,0.21%
Argentina,ARG,2030,2.83%
Argentina,ARG,2040,2.93%
Argentina,ARG,2050,3.35%
Armenia,ARM,2020,0.02%
Armenia,ARM,2030,0.01%
Armenia,ARM,2040,0.01%
Armenia,ARM,2050,0.01%
Australia,AUS,2020,0.45%
Australia,AUS,2030,1.73%
Australia,AUS,2040,1.83%
Australia,AUS,2050,2.95%
Austria,AUT,2020,0.04%
Austria,AUT,2030,0.61%
Austria,AUT,2040,0.73%
Austria,AUT,2050,1.30%
Azerbaijan,AZE,2020,0.00%
Azerbaijan,AZE,2030,0.07%
Azerbaijan,AZE,2040,0.07%
Azerbaijan,AZE,2050,0.07%
"Bahamas, The",BHS,2020,0.23%
"Bahamas, The",BHS,2030,0.12%
"Bahamas, The",BHS,2040,0.12%
"Bahamas, The",BHS,2050,0.12%
Bahrain,BHR,2020,0.00%
Bahrain,BHR,2030,0.20%
Bahrain,BHR,2040,0.15%
Bahrain,BHR,2050,0.26%
Bangladesh,BGD,2020,0.02%
Bangladesh,BGD,2030,0.02%
Bangladesh,BGD,2040,0.01%
Bangladesh,BGD,2050,0.01%
Barbados,BRB,2020,0.00%
Barbados,BRB,2030,0.37%
Barbados,BRB,2040,0.29%
Barbados,BRB,2050,0.24%
Belarus,BLR,2020,0.00%
Belarus,BLR,2030,3.56%
Belarus,BLR,2040,3.56%
Belarus,BLR,2050,3.56%
Belgium,BEL,2020,5.35%
Belgium,BEL,2030,6.96%
Belgium,BEL,2040,7.12%
Belgium,BEL,2050,9.21%
Bolivia,BOL,2020,0.04%
Bolivia,BOL,2030,0.03%
Bolivia,BOL,2040,0.03%
Bolivia,BOL,2050,0.03%
Bosnia and Herzegovina,BIH,2020,0.00%
Bosnia and Herzegovina,BIH,2030,0.00%
Bosnia and Herzegovina,BIH,2040,0.00%
Bosnia and Herzegovina,BIH,2050,0.05%
Botswana,BWA,2020,0.00%
Botswana,BWA,2030,18.75%
Botswana,BWA,2040,18.75%
Botswana,BWA,2050,39.58%
Brazil,BRA,2020,0.23%
Brazil,BRA,2030,0.84%
Brazil,BRA,2040,0.87%
Brazil,BRA,2050,1.33%
British Virgin Islands,VGB,2020,5.77%
British Virgin Islands,VGB,2030,6.18%
British Virgin Islands,VGB,2040,6.18%
British Virgin Islands,VGB,2050,6.18%
Brunei Darussalam,BRN,2020,0.00%
Brunei Darussalam,BRN,2030,0.21%
Brunei Darussalam,BRN,2040,0.15%
Brunei Darussalam,BRN,2050,0.15%
Bulgaria,BGR,2020,0.14%
Bulgaria,BGR,2030,0.40%
Bulgaria,BGR,2040,0.40%
Bulgaria,BGR,2050,0.71%
Burkina Faso,BFA,2020,0.00%
Burkina Faso,BFA,2030,0.00%
Burkina Faso,BFA,2040,0.00%
Burkina Faso,BFA,2050,0.13%
Cambodia,KHM,2020,0.00%
Cambodia,KHM,2030,0.00%
Cambodia,KHM,2040,0.00%
Cambodia,KHM,2050,0.00%
Cameroon,CMR,2020,0.01%
Cameroon,CMR,2030,0.37%
Cameroon,CMR,2040,0.37%
Cameroon,CMR,2050,0.44%
Canada,CAN,2020,0.17%
Canada,CAN,2030,0.56%
Canada,CAN,2040,0.57%
Canada,CAN,2050,0.63%
Cayman Islands,CYM,2020,2.61%
Cayman Islands,CYM,2030,6.82%
Cayman Islands,CYM,2040,6.82%
Cayman Islands,CYM,2050,10.25%
Chile,CHL,2020,0.12%
Chile,CHL,2030,1.80%
Chile,CHL,2040,1.81%
Chile,CHL,2050,2.06%
China,CHN,2020,0.09%
China,CHN,2030,0.24%
China,CHN,2040,0.29%
China,CHN,2050,0.57%
Colombia,COL,2020,0.11%
Colombia,COL,2030,0.92%
Colombia,COL,2040,0.90%
Colombia,COL,2050,1.00%
"Congo, Dem. Rep.",COD,2020,0.00%
"Congo, Dem. Rep.",COD,2030,0.19%
"Congo, Dem. Rep.",COD,2040,0.19%
"Congo, Dem. Rep.",COD,2050,0.27%
Costa Rica,CRI,2020,0.05%
Costa Rica,CRI,2030,0.85%
Costa Rica,CRI,2040,0.85%
Costa Rica,CRI,2050,0.88%
Cote d'Ivoire,CIV,2020,0.19%
Cote d'Ivoire,CIV,2030,0.24%
Cote d'Ivoire,CIV,2040,0.24%
Cote d'Ivoire,CIV,2050,0.37%
Croatia,HRV,2020,0.07%
Croatia,HRV,2030,2.26%
Croatia,HRV,2040,2.30%
Croatia,HRV,2050,2.38%
Cuba,CUB,2020,0.00%
Cuba,CUB,2030,1.02%
Cuba,CUB,2040,1.02%
Cuba,CUB,2050,1.21%
Curacao,CUW,2020,0.00%
Curacao,CUW,2030,0.01%
Curacao,CUW,2040,0.01%
Curacao,CUW,2050,0.01%
Cyprus,CYP,2020,0.05%
Cyprus,CYP,2030,0.35%
Cyprus,CYP,2040,0.35%
Cyprus,CYP,2050,0.35%
Czech Republic,CZE,2020,0.53%
Czech Republic,CZE,2030,5.05%
Czech Republic,CZE,2040,5.16%
Czech Republic,CZE,2050,6.13%
Denmark,DNK,2020,2.38%
Denmark,DNK,2030,2.72%
Denmark,DNK,2040,2.55%
Denmark,DNK,2050,2.56%
Dominica,DMA,2020,0.00%
Dominica,DMA,2030,0.02%
Dominica,DMA,2040,0.02%
Dominica,DMA,2050,0.02%
Dominican Republic,DOM,2020,0.13%
Dominican Republic,DOM,2030,0.34%
Dominican Republic,DOM,2040,0.28%
Dominican Republic,DOM,2050,0.32%
Ecuador,ECU,2020,0.09%
Ecuador,ECU,2030,0.69%
Ecuador,ECU,2040,0.69%
Ecuador,ECU,2050,0.85%
"Egypt, Arab Rep.",EGY,2020,0.13%
"Egypt, Arab Rep.",EGY,2030,0.76%
"Egypt, Arab Rep.",EGY,2040,0.64%
"Egypt, Arab Rep.",EGY,2050,0.78%
El Salvador,SLV,2020,0.13%
El Salvador,SLV,2030,1.08%
El Salvador,SLV,2040,1.08%
El Salvador,SLV,2050,1.08%
Estonia,EST,2020,0.16%
Estonia,EST,2030,0.82%
Estonia,EST,2040,0.82%
Estonia,EST,2050,0.91%
Eswatini,SWZ,2020,0.00%
Eswatini,SWZ,2030,0.00%
Eswatini,SWZ,2040,0.00%
Eswatini,SWZ,2050,0.08%
Ethiopia,ETH,2020,0.01%
Ethiopia,ETH,2030,0.02%
Ethiopia,ETH,2040,0.02%
Ethiopia,ETH,2050,0.02%
Fiji,FJI,2020,0.00%
Fiji,FJI,2030,0.00%
Fiji,FJI,2040,0.00%
Fiji,FJI,2050,0.00%
Finland,FIN,2020,0.22%
Finland,FIN,2030,0.51%
Finland,FIN,2040,0.56%
Finland,FIN,2050,1.01%
France,FRA,2020,0.95%
France,FRA,2030,1.31%
France,FRA,2040,1.40%
France,FRA,2050,2.17%
Gabon,GAB,2020,0.00%
Gabon,GAB,2030,0.07%
Gabon,GAB,2040,0.07%
Gabon,GAB,2050,0.07%
Georgia,GEO,2020,0.00%
Georgia,GEO,2030,0.01%
Georgia,GEO,2040,0.02%
Georgia,GEO,2050,0.03%
Germany,DEU,2020,1.14%
Germany,DEU,2030,2.62%
Germany,DEU,2040,2.22%
Germany,DEU,2050,2.69%
Ghana,GHA,2020,0.08%
Ghana,GHA,2030,0.69%
Ghana,GHA,2040,0.54%
Ghana,GHA,2050,0.44%
Greece,GRC,2020,0.21%
Greece,GRC,2030,2.10%
Greece,GRC,2040,2.13%
Greece,GRC,2050,2.29%
Guatemala,GTM,2020,0.00%
Guatemala,GTM,2030,1.18%
Guatemala,GTM,2040,1.05%
Guatemala,GTM,2050,0.94%
Honduras,HND,2020,0.09%
Honduras,HND,2030,0.59%
Honduras,HND,2040,0.49%
Honduras,HND,2050,0.41%
"Hong Kong SAR, China",HKG,2020,46.05%
"Hong Kong SAR, China",HKG,2030,169.21%
"Hong Kong SAR, China",HKG,2040,176.65%
"Hong Kong SAR, China",HKG,2050,476.90%
Hungary,HUN,2020,2.45%
Hungary,HUN,2030,21.28%
Hungary,HUN,2040,21.47%
Hungary,HUN,2050,22.44%
Iceland,ISL,2020,0.05%
Iceland,ISL,2030,0.07%
Iceland,ISL,2040,0.07%
Iceland,ISL,2050,0.07%
India,IND,2020,0.64%
India,IND,2030,1.56%
India,IND,2040,1.63%
India,IND,2050,2.21%
Indonesia,IDN,2020,0.51%
Indonesia,IDN,2030,0.98%
Indonesia,IDN,2040,0.98%
Indonesia,IDN,2050,1.09%
"Iran, Islamic Rep.",IRN,2020,0.01%
"Iran, Islamic Rep.",IRN,2030,0.22%
"Iran, Islamic Rep.",IRN,2040,0.22%
"Iran, Islamic Rep.",IRN,2050,0.22%
Ireland,IRL,2020,2.82%
Ireland,IRL,2030,3.82%
Ireland,IRL,2040,3.83%
Ireland,IRL,2050,5.43%
Israel,ISR,2020,2.59%
Israel,ISR,2030,1.24%
Israel,ISR,2040,1.43%
Israel,ISR,2050,2.27%
Italy,ITA,2020,0.45%
Italy,ITA,2030,1.73%
Italy,ITA,2040,1.84%
Italy,ITA,2050,2.50%
Japan,JPN,2020,0.25%
Japan,JPN,2030,3.69%
Japan,JPN,2040,5.49%
Japan,JPN,2050,9.62%
Jordan,JOR,2020,0.00%
Jordan,JOR,2030,0.02%
Jordan,JOR,2040,0.02%
Jordan,JOR,2050,0.02%
Kazakhstan,KAZ,2020,0.00%
Kazakhstan,KAZ,2030,0.04%
Kazakhstan,KAZ,2040,0.04%
Kazakhstan,KAZ,2050,0.08%
Kenya,KEN,2020,0.18%
Kenya,KEN,2030,0.69%
Kenya,KEN,2040,0.66%
Kenya,KEN,2050,0.63%
"Korea, Dem. People’s Rep.",PRK,2020,0.00%
"Korea, Dem. People’s Rep.",PRK,2030,0.00%
"Korea, Dem. People’s Rep.",PRK,2040,0.00%
"Korea, Dem. People’s Rep.",PRK,2050,0.00%
"Korea, Rep.",KOR,2020,0.21%
"Korea, Rep.",KOR,2030,0.25%
"Korea, Rep.",KOR,2040,0.30%
"Korea, Rep.",KOR,2050,0.41%
Kosovo,XKX,2020,1.57%
Kosovo,XKX,2030,32.27%
Kosovo,XKX,2040,32.27%
Kosovo,XKX,2050,103.41%
Kuwait,KWT,2020,0.05%
Kuwait,KWT,2030,0.02%
Kuwait,KWT,2040,0.02%
Kuwait,KWT,2050,0.15%
Lao PDR,LAO,2020,0.00%
Lao PDR,LAO,2030,0.16%
Lao PDR,LAO,2040,0.16%
Lao PDR,LAO,2050,0.16%
Latvia,LVA,2020,0.06%
Latvia,LVA,2030,0.18%
Latvia,LVA,2040,0.20%
Latvia,LVA,2050,0.20%
Lebanon,LBN,2020,0.00%
Lebanon,LBN,2030,0.05%
Lebanon,LBN,2040,0.02%
Lebanon,LBN,2050,0.01%
Lesotho,LSO,2020,0.00%
Lesotho,LSO,2030,2.23%
Lesotho,LSO,2040,2.23%
Lesotho,LSO,2050,2.23%
Liberia,LBR,2020,0.01%
Liberia,LBR,2030,0.02%
Liberia,LBR,2040,0.02%
Liberia,LBR,2050,0.02%
Lithuania,LTU,2020,0.42%
Lithuania,LTU,2030,0.82%
Lithuania,LTU,2040,0.78%
Lithuania,LTU,2050,0.89%
Luxembourg,LUX,2020,4.30%
Luxembourg,LUX,2030,6.58%
Luxembourg,LUX,2040,6.73%
Luxembourg,LUX,2050,7.86%
Madagascar,MDG,2020,0.00%
Madagascar,MDG,2030,0.03%
Madagascar,MDG,2040,0.02%
Madagascar,MDG,2050,0.02%
Malawi,MWI,2020,0.00%
Malawi,MWI,2030,0.02%
Malawi,MWI,2040,0.02%
Malawi,MWI,2050,0.02%
Malaysia,MYS,2020,0.05%
Malaysia,MYS,2030,3.10%
Malaysia,MYS,2040,3.35%
Malaysia,MYS,2050,6.46%
Mali,MLI,2020,0.00%
Mali,MLI,2030,0.00%
Mali,MLI,2040,0.00%
Mali,MLI,2050,0.00%
Malta,MLT,2020,0.56%
Malta,MLT,2030,8.33%
Malta,MLT,2040,8.33%
Malta,MLT,2050,9.09%
Marshall Islands,MHL,2020,0.00%
Marshall Islands,MHL,2030,34.76%
Marshall Islands,MHL,2040,22.12%
Marshall Islands,MHL,2050,16.22%
Mauritius,MUS,2020,0.00%
Mauritius,MUS,2030,0.01%
Mauritius,MUS,2040,0.01%
Mauritius,MUS,2050,0.01%
Mexico,MEX,2020,0.39%
Mexico,MEX,2030,3.94%
Mexico,MEX,2040,3.64%
Mexico,MEX,2050,3.69%
"Micronesia, Fed. Sts.",FSM,2020,0.00%
"Micronesia, Fed. Sts.",FSM,2030,0.00%
"Micronesia, Fed. Sts.",FSM,2040,0.00%
"Micronesia, Fed. Sts.",FSM,2050,0.03%
Moldova,MDA,2020,0.02%
Moldova,MDA,2030,0.02%
Moldova,MDA,2040,0.02%
Moldova,MDA,2050,0.22%
Montenegro,MNE,2020,0.00%
Montenegro,MNE,2030,1.43%
Montenegro,MNE,2040,1.43%
Montenegro,MNE,2050,1.43%
Morocco,MAR,2020,0.09%
Morocco,MAR,2030,0.55%
Morocco,MAR,2040,0.40%
Morocco,MAR,2050,0.37%
Mozambique,MOZ,2020,0.00%
Mozambique,MOZ,2030,0.33%
Mozambique,MOZ,2040,0.33%
Mozambique,MOZ,2050,0.33%
Myanmar,MMR,2020,0.04%
Myanmar,MMR,2030,0.07%
Myanmar,MMR,2040,0.09%
Myanmar,MMR,2050,0.09%
Namibia,NAM,2020,0.00%
Namibia,NAM,2030,0.00%
Namibia,NAM,2040,0.00%
Namibia,NAM,2050,0.00%
Nepal,NPL,2020,0.03%
Nepal,NPL,2030,0.13%
Nepal,NPL,2040,0.13%
Nepal,NPL,2050,0.13%
Netherlands,NLD,2020,3.21%
Netherlands,NLD,2030,4.40%
Netherlands,NLD,2040,4.51%
Netherlands,NLD,2050,8.87%
New Zealand,NZL,2020,0.21%
New Zealand,NZL,2030,0.77%
New Zealand,NZL,2040,0.79%
New Zealand,NZL,2050,0.90%
Nicaragua,NIC,2020,0.01%
Nicaragua,NIC,2030,0.48%
Nicaragua,NIC,2040,0.48%
Nicaragua,NIC,2050,0.48%
Niger,NER,2020,0.12%
Niger,NER,2030,0.03%
Niger,NER,2040,0.02%
Niger,NER,2050,0.01%
Nigeria,NGA,2020,0.12%
Nigeria,NGA,2030,0.61%
Nigeria,NGA,2040,0.61%
Nigeria,NGA,2050,1.05%
North Macedonia,MKD,2020,0.06%
North Macedonia,MKD,2030,2.65%
North Macedonia,MKD,2040,2.65%
North Macedonia,MKD,2050,2.74%
Norway,NOR,2020,0.10%
Norway,NOR,2030,0.20%
Norway,NOR,2040,0.22%
Norway,NOR,2050,0.27%
Oman,OMN,2020,0.02%
Oman,OMN,2030,0.05%
Oman,OMN,2040,0.05%
Oman,OMN,2050,0.14%
Pakistan,PAK,2020,0.13%
Pakistan,PAK,2030,0.23%
Pakistan,PAK,2040,0.23%
Pakistan,PAK,2050,0.32%
Panama,PAN,2020,0.06%
Panama,PAN,2030,0.15%
Panama,PAN,2040,0.15%
Panama,PAN,2050,0.15%
Papua New Guinea,PNG,2020,0.00%
Papua New Guinea,PNG,2030,0.00%
Papua New Guinea,PNG,2040,0.00%
Papua New Guinea,PNG,2050,0.00%
Paraguay,PRY,2020,0.00%
Paraguay,PRY,2030,0.05%
Paraguay,PRY,2040,0.05%
Paraguay,PRY,2050,0.05%
Peru,PER,2020,0.07%
Peru,PER,2030,1.18%
Peru,PER,2040,1.20%
Peru,PER,2050,1.39%
Philippines,PHL,2020,0.21%
Philippines,PHL,2030,0.30%
Philippines,PHL,2040,0.24%
Philippines,PHL,2050,0.83%
Poland,POL,2020,0.92%
Poland,POL,2030,4.15%
Poland,POL,2040,4.25%
Poland,POL,2050,4.98%
Portugal,PRT,2020,0.14%
Portugal,PRT,2030,0.60%
Portugal,PRT,2040,0.56%
Portugal,PRT,2050,0.62%
Puerto Rico,PRI,2020,0.00%
Puerto Rico,PRI,2030,11.40%
Puerto Rico,PRI,2040,3.68%
Puerto Rico,PRI,2050,2.50%
Qatar,QAT,2020,1.50%
Qatar,QAT,2030,0.22%
Qatar,QAT,2040,0.23%
Qatar,QAT,2050,0.23%
Romania,ROU,2020,0.11%
Romania,ROU,2030,1.72%
Romania,ROU,2040,1.76%
Romania,ROU,2050,1.92%
Russian Federation,RUS,2020,0.11%
Russian Federation,RUS,2030,0.50%
Russian Federation,RUS,2040,0.51%
Russian Federation,RUS,2050,0.66%
Rwanda,RWA,2020,0.00%
Rwanda,RWA,2030,0.00%
Rwanda,RWA,2040,0.00%
Rwanda,RWA,2050,0.00%
Saudi Arabia,SAU,2020,0.14%
Saudi Arabia,SAU,2030,0.20%
Saudi Arabia,SAU,2040,0.20%
Saudi Arabia,SAU,2050,0.25%
Senegal,SEN,2020,0.00%
Senegal,SEN,2030,0.04%
Senegal,SEN,2040,0.02%
Senegal,SEN,2050,0.06%
Serbia,SRB,2020,0.03%
Serbia,SRB,2030,0.18%
Serbia,SRB,2040,0.18%
Serbia,SRB,2050,0.27%
Seychelles,SYC,2020,0.00%
Seychelles,SYC,2030,4.13%
Seychelles,SYC,2040,4.13%
Seychelles,SYC,2050,4.13%
Singapore,SGP,2020,3.76%
Singapore,SGP,2030,13.79%
Singapore,SGP,2040,35.13%
Singapore,SGP,2050,61.09%
Slovak Republic,SVK,2020,0.15%
Slovak Republic,SVK,2030,3.98%
Slovak Republic,SVK,2040,4.06%
Slovak Republic,SVK,2050,4.51%
Slovenia,SVN,2020,0.07%
Slovenia,SVN,2030,0.20%
Slovenia,SVN,2040,0.21%
Slovenia,SVN,2050,0.29%
South Africa,ZAF,2020,0.51%
South Africa,ZAF,2030,5.45%
South Africa,ZAF,2040,5.54%
South Africa,ZAF,2050,6.58%
Spain,ESP,2020,0.47%
Spain,ESP,2030,2.04%
Spain,ESP,2040,1.83%
Spain,ESP,2050,1.75%
Sri Lanka,LKA,2020,0.69%
Sri Lanka,LKA,2030,0.53%
Sri Lanka,LKA,2040,0.39%
Sri Lanka,LKA,2050,0.36%
Sweden,SWE,2020,0.53%
Sweden,SWE,2030,0.56%
Sweden,SWE,2040,0.48%
Sweden,SWE,2050,1.21%
Switzerland,CHE,2020,2.09%
Switzerland,CHE,2030,2.84%
Switzerland,CHE,2040,2.93%
Switzerland,CHE,2050,4.48%
"Taiwan, China",TWN,2020,0.07%
"Taiwan, China",TWN,2030,0.18%
"Taiwan, China",TWN,2040,0.30%
"Taiwan, China",TWN,2050,0.62%
Tanzania,TZA,2020,0.00%
Tanzania,TZA,2030,0.65%
Tanzania,TZA,2040,0.49%
Tanzania,TZA,2050,0.41%
Thailand,THA,2020,0.32%
Thailand,THA,2030,3.24%
Thailand,THA,2040,4.39%
Thailand,THA,2050,6.67%
Trinidad and Tobago,TTO,2020,0.40%
Trinidad and Tobago,TTO,2030,0.40%
Trinidad and Tobago,TTO,2040,0.40%
Trinidad and Tobago,TTO,2050,0.40%
Tunisia,TUN,2020,0.10%
Tunisia,TUN,2030,0.05%
Tunisia,TUN,2040,0.02%
Tunisia,TUN,2050,0.01%
Turkey,TUR,2020,0.10%
Turkey,TUR,2030,0.51%
Turkey,TUR,2040,0.51%
Turkey,TUR,2050,0.59%
Uganda,UGA,2020,0.00%
Uganda,UGA,2030,0.33%
Uganda,UGA,2040,0.33%
Uganda,UGA,2050,0.33%
Ukraine,UKR,2020,0.07%
Ukraine,UKR,2030,0.32%
Ukraine,UKR,2040,0.26%
Ukraine,UKR,2050,0.29%
United Arab Emirates,ARE,2020,0.41%
United Arab Emirates,ARE,2030,0.35%
United Arab Emirates,ARE,2040,0.26%
United Arab Emirates,ARE,2050,0.37%
United Kingdom,GBR,2020,6.67%
United Kingdom,GBR,2030,14.26%
United Kingdom,GBR,2040,14.42%
United Kingdom,GBR,2050,16.22%
United States,USA,2020,3.10%
United States,USA,2030,5.17%
United States,USA,2040,5.03%
United States,USA,2050,5.66%
Uruguay,URY,2020,0.01%
Uruguay,URY,2030,0.54%
Uruguay,URY,2040,0.54%
Uruguay,URY,2050,0.64%
"Venezuela, RB",VEN,2020,0.01%
"Venezuela, RB",VEN,2030,0.40%
"Venezuela, RB",VEN,2040,0.40%
"Venezuela, RB",VEN,2050,0.41%
Vietnam,VNM,2020,0.16%
Vietnam,VNM,2030,0.40%
Vietnam,VNM,2040,0.08%
Vietnam,VNM,2050,0.17%
Virgin Islands (U.S.),VIR,2020,0.00%
Virgin Islands (U.S.),VIR,2030,0.36%
Virgin Islands (U.S.),VIR,2040,0.36%
Virgin Islands (U.S.),VIR,2050,0.36%
"Yemen, Rep.",YEM,2020,0.00%
"Yemen, Rep.",YEM,2030,0.04%
"Yemen, Rep.",YEM,2040,0.02%
"Yemen, Rep.",YEM,2050,0.02%
Zambia,ZMB,2020,0.00%
Zambia,ZMB,2030,0.01%
Zambia,ZMB,2040,0.01%
Zambia,ZMB,2050,0.01%
Zimbabwe,ZWE,2020,0.02%
Zimbabwe,ZWE,2030,0.05%
Zimbabwe,ZWE,2040,0.05%
Zimbabwe,ZWE,2050,0.10%
